case,h,w,sigma,read_var,half_width,prior_x,prior_y,true_x,true_y,py_cx,py_cy,py_cflux,py_cbg,py_gx,py_gy,py_gflux,py_gbg,pixels
0,21,21,1.75,25.0,9,10.0,10.0,10.0,10.0,9.807106598984772,9.360406091370558,1970.0,30.0,9.942833053404097,9.87611446458025,1013.8778536949413,30.70948219721114,40.0 20.0 30.0 30.0 40.0 40.0 10.0 30.0 40.0 30.0 20.0 50.0 40.0 20.0 40.0 30.0 40.0 40.0 30.0 30.0 30.0 30.0 20.0 40.0 30.0 40.0 40.0 20.0 20.0 40.0 40.0 40.0 20.0 30.0 30.0 20.0 40.0 30.0 40.0 40.0 40.0 30.0 20.0 40.0 20.0 40.0 20.0 20.0 40.0 30.0 40.0 30.0 40.0 40.0 20.0 30.0 30.0 30.0 40.0 30.0 20.0 40.0 40.0 40.0 40.0 30.0 20.0 40.0 30.0 20.0 20.0 30.0 30.0 50.0 40.0 40.0 20.0 20.0 30.0 20.0 20.0 20.0 30.0 30.0 30.0 10.0 40.0 30.0 50.0 40.0 40.0 50.0 20.0 30.0 30.0 30.0 40.0 30.0 40.0 20.0 30.0 30.0 40.0 30.0 30.0 10.0 30.0 50.0 20.0 40.0 30.0 40.0 30.0 50.0 40.0 40.0 40.0 40.0 30.0 30.0 30.0 40.0 20.0 30.0 30.0 40.0 30.0 30.0 30.0 30.0 30.0 20.0 30.0 30.0 30.0 40.0 30.0 40.0 40.0 30.0 30.0 30.0 30.0 30.0 20.0 20.0 30.0 30.0 30.0 10.0 30.0 20.0 30.0 30.0 20.0 40.0 30.0 30.0 40.0 50.0 40.0 20.0 30.0 30.0 30.0 20.0 30.0 40.0 20.0 20.0 30.0 30.0 20.0 20.0 30.0 50.0 40.0 80.0 50.0 50.0 50.0 40.0 40.0 30.0 30.0 40.0 30.0 30.0 30.0 30.0 20.0 30.0 30.0 30.0 30.0 40.0 50.0 60.0 80.0 60.0 50.0 50.0 60.0 40.0 40.0 20.0 30.0 30.0 30.0 40.0 40.0 40.0 20.0 20.0 30.0 30.0 40.0 30.0 50.0 80.0 90.0 70.0 70.0 40.0 40.0 40.0 30.0 30.0 30.0 30.0 20.0 40.0 30.0 20.0 50.0 40.0 30.0 30.0 40.0 50.0 80.0 80.0 70.0 50.0 40.0 40.0 20.0 30.0 30.0 20.0 20.0 40.0 20.0 30.0 30.0 30.0 20.0 30.0 40.0 30.0 60.0 50.0 50.0 40.0 40.0 30.0 40.0 40.0 30.0 30.0 30.0 40.0 30.0 30.0 40.0 30.0 20.0 40.0 30.0 30.0 30.0 30.0 40.0 50.0 30.0 40.0 30.0 30.0 30.0 50.0 40.0 30.0 40.0 20.0 40.0 30.0 50.0 40.0 30.0 10.0 50.0 50.0 30.0 20.0 20.0 40.0 30.0 30.0 20.0 30.0 20.0 40.0 30.0 30.0 30.0 10.0 20.0 20.0 30.0 40.0 20.0 30.0 30.0 30.0 20.0 40.0 30.0 30.0 30.0 40.0 30.0 20.0 30.0 40.0 30.0 20.0 30.0 40.0 30.0 40.0 30.0 40.0 30.0 30.0 30.0 40.0 20.0 20.0 20.0 40.0 20.0 30.0 30.0 40.0 40.0 30.0 40.0 30.0 20.0 30.0 30.0 30.0 30.0 30.0 30.0 20.0 20.0 20.0 20.0 20.0 30.0 30.0 30.0 30.0 20.0 30.0 20.0 30.0 20.0 30.0 40.0 30.0 30.0 30.0 20.0 30.0 30.0 30.0 20.0 50.0 40.0 30.0 50.0 30.0 30.0 40.0 40.0 30.0 20.0 40.0 20.0 20.0 30.0 40.0 30.0 30.0 20.0 20.0 10.0 40.0 30.0 30.0 30.0 40.0 30.0 30.0 20.0 20.0 20.0 30.0 40.0 20.0 30.0 30.0 20.0 20.0 40.0 40.0 40.0 30.0 30.0 40.0 30.0 30.0 30.0 20.0 30.0 40.0 30.0 20.0 10.0
1,21,21,1.75,25.0,9,10.15,9.925,10.15,9.925,10.158415841584159,10.153465346534654,2020.0,30.0,10.087155945495068,9.854014474289299,1088.132069784792,30.6976958302331,30.0 20.0 30.0 20.0 40.0 30.0 30.0 20.0 40.0 30.0 30.0 20.0 40.0 30.0 30.0 20.0 40.0 20.0 40.0 30.0 30.0 50.0 30.0 10.0 20.0 40.0 30.0 30.0 20.0 30.0 30.0 20.0 30.0 20.0 20.0 30.0 30.0 40.0 20.0 40.0 40.0 20.0 30.0 30.0 50.0 30.0 30.0 40.0 30.0 30.0 40.0 30.0 10.0 30.0 30.0 30.0 20.0 40.0 30.0 30.0 30.0 30.0 40.0 40.0 30.0 20.0 30.0 20.0 30.0 30.0 20.0 30.0 40.0 40.0 20.0 30.0 40.0 30.0 20.0 50.0 30.0 20.0 30.0 30.0 30.0 20.0 30.0 20.0 40.0 50.0 30.0 30.0 30.0 30.0 40.0 20.0 40.0 50.0 30.0 30.0 40.0 30.0 40.0 30.0 40.0 30.0 30.0 30.0 30.0 40.0 30.0 30.0 20.0 20.0 30.0 50.0 30.0 40.0 30.0 30.0 30.0 20.0 30.0 30.0 30.0 30.0 40.0 20.0 30.0 30.0 30.0 30.0 40.0 20.0 30.0 30.0 40.0 20.0 30.0 20.0 50.0 30.0 40.0 40.0 30.0 20.0 20.0 40.0 30.0 30.0 30.0 20.0 30.0 10.0 40.0 50.0 50.0 40.0 40.0 30.0 40.0 40.0 40.0 30.0 20.0 30.0 30.0 50.0 20.0 40.0 30.0 20.0 30.0 40.0 40.0 40.0 50.0 50.0 70.0 40.0 30.0 40.0 40.0 40.0 30.0 30.0 30.0 30.0 20.0 30.0 20.0 40.0 30.0 50.0 30.0 30.0 30.0 70.0 60.0 100.0 70.0 60.0 30.0 40.0 40.0 30.0 50.0 30.0 30.0 30.0 30.0 30.0 30.0 40.0 30.0 20.0 30.0 40.0 60.0 80.0 110.0 90.0 60.0 40.0 40.0 40.0 30.0 40.0 30.0 40.0 10.0 40.0 40.0 30.0 40.0 50.0 40.0 30.0 30.0 50.0 40.0 80.0 70.0 60.0 30.0 30.0 30.0 30.0 30.0 40.0 30.0 50.0 30.0 20.0 30.0 40.0 40.0 20.0 40.0 20.0 50.0 60.0 60.0 70.0 50.0 30.0 30.0 20.0 30.0 30.0 30.0 40.0 40.0 30.0 30.0 20.0 20.0 20.0 30.0 30.0 40.0 30.0 20.0 30.0 30.0 40.0 40.0 20.0 30.0 40.0 40.0 40.0 30.0 40.0 30.0 30.0 30.0 40.0 30.0 40.0 30.0 20.0 30.0 20.0 40.0 30.0 40.0 30.0 30.0 20.0 30.0 40.0 30.0 30.0 20.0 20.0 30.0 40.0 30.0 20.0 30.0 40.0 40.0 40.0 40.0 30.0 30.0 40.0 10.0 20.0 30.0 30.0 40.0 40.0 30.0 20.0 30.0 50.0 30.0 40.0 30.0 20.0 30.0 30.0 30.0 30.0 50.0 20.0 30.0 20.0 40.0 30.0 20.0 20.0 30.0 30.0 10.0 20.0 40.0 20.0 30.0 20.0 20.0 30.0 30.0 30.0 30.0 30.0 30.0 30.0 20.0 30.0 30.0 20.0 30.0 40.0 40.0 30.0 30.0 30.0 40.0 40.0 30.0 20.0 30.0 20.0 30.0 40.0 30.0 40.0 30.0 30.0 40.0 30.0 30.0 30.0 30.0 40.0 30.0 10.0 20.0 40.0 40.0 30.0 20.0 40.0 20.0 40.0 30.0 40.0 30.0 20.0 40.0 30.0 20.0 40.0 40.0 40.0 40.0 30.0 30.0 30.0 30.0 20.0 40.0 30.0 40.0 30.0 30.0 20.0 50.0 20.0 20.0 30.0 20.0 40.0 40.0 20.0 20.0 30.0 40.0
2,21,21,1.75,25.0,9,10.3,9.85,10.3,9.85,10.042780748663102,9.748663101604278,1870.0,30.0,10.182506682307226,10.040693634945471,1139.4431716309462,29.558506039997884,40.0 20.0 30.0 20.0 20.0 30.0 30.0 30.0 40.0 30.0 40.0 30.0 40.0 30.0 20.0 30.0 20.0 30.0 40.0 20.0 40.0 30.0 30.0 20.0 20.0 20.0 30.0 40.0 40.0 50.0 30.0 30.0 20.0 30.0 40.0 20.0 30.0 30.0 30.0 20.0 30.0 30.0 30.0 30.0 30.0 40.0 20.0 50.0 30.0 30.0 30.0 30.0 40.0 30.0 20.0 40.0 30.0 20.0 20.0 30.0 20.0 30.0 40.0 40.0 30.0 50.0 40.0 40.0 30.0 40.0 30.0 30.0 30.0 40.0 40.0 20.0 30.0 50.0 40.0 30.0 40.0 20.0 30.0 40.0 30.0 30.0 20.0 30.0 50.0 30.0 30.0 40.0 20.0 30.0 20.0 30.0 20.0 40.0 30.0 30.0 30.0 40.0 20.0 20.0 30.0 40.0 20.0 30.0 30.0 30.0 20.0 40.0 30.0 30.0 10.0 30.0 30.0 30.0 20.0 30.0 20.0 30.0 20.0 30.0 20.0 30.0 30.0 20.0 20.0 40.0 40.0 20.0 20.0 30.0 30.0 50.0 30.0 40.0 30.0 30.0 30.0 30.0 30.0 20.0 30.0 20.0 30.0 30.0 20.0 20.0 20.0 30.0 30.0 20.0 30.0 30.0 40.0 50.0 40.0 40.0 20.0 30.0 30.0 40.0 30.0 30.0 40.0 30.0 20.0 20.0 40.0 20.0 30.0 30.0 40.0 40.0 50.0 50.0 70.0 60.0 40.0 40.0 50.0 30.0 40.0 40.0 20.0 30.0 40.0 30.0 30.0 30.0 30.0 20.0 40.0 30.0 30.0 40.0 80.0 70.0 70.0 60.0 40.0 30.0 30.0 50.0 30.0 20.0 30.0 30.0 20.0 30.0 40.0 30.0 30.0 50.0 30.0 40.0 50.0 80.0 70.0 70.0 70.0 50.0 30.0 40.0 20.0 20.0 20.0 40.0 30.0 30.0 30.0 40.0 20.0 30.0 20.0 30.0 40.0 70.0 80.0 80.0 80.0 60.0 50.0 50.0 20.0 40.0 30.0 40.0 30.0 40.0 40.0 20.0 40.0 40.0 30.0 20.0 20.0 40.0 50.0 60.0 50.0 60.0 40.0 40.0 40.0 30.0 30.0 40.0 40.0 30.0 30.0 20.0 30.0 30.0 30.0 20.0 40.0 30.0 30.0 40.0 30.0 50.0 40.0 30.0 40.0 30.0 40.0 30.0 20.0 30.0 20.0 30.0 30.0 30.0 20.0 20.0 40.0 20.0 30.0 30.0 20.0 30.0 30.0 40.0 40.0 40.0 20.0 20.0 30.0 30.0 20.0 30.0 40.0 40.0 30.0 20.0 30.0 30.0 30.0 30.0 30.0 30.0 30.0 20.0 30.0 30.0 40.0 30.0 30.0 30.0 40.0 50.0 20.0 40.0 40.0 40.0 40.0 20.0 30.0 20.0 20.0 20.0 30.0 40.0 40.0 30.0 20.0 20.0 30.0 30.0 30.0 30.0 30.0 40.0 20.0 30.0 20.0 40.0 30.0 30.0 30.0 20.0 30.0 40.0 20.0 30.0 30.0 20.0 20.0 30.0 40.0 30.0 30.0 30.0 20.0 30.0 30.0 30.0 40.0 30.0 30.0 30.0 40.0 30.0 30.0 30.0 10.0 20.0 30.0 30.0 10.0 30.0 30.0 30.0 40.0 20.0 50.0 30.0 40.0 30.0 30.0 40.0 20.0 40.0 20.0 30.0 30.0 30.0 30.0 20.0 20.0 40.0 30.0 40.0 40.0 10.0 30.0 20.0 40.0 20.0 40.0 20.0 30.0 40.0 30.0 30.0 30.0 30.0 30.0 20.0 20.0 20.0 30.0 30.0 30.0 20.0 40.0 10.0 30.0
3,21,21,1.75,25.0,9,10.45,9.775,10.45,9.775,10.06806282722513,9.780104712041885,1910.0,30.0,10.07807276026785,9.763849449642544,1207.050073216698,29.426453185577795,20.0 20.0 20.0 50.0 30.0 50.0 40.0 20.0 20.0 40.0 40.0 30.0 30.0 40.0 40.0 40.0 20.0 40.0 20.0 30.0 30.0 40.0 20.0 30.0 20.0 30.0 30.0 30.0 40.0 30.0 40.0 30.0 30.0 40.0 30.0 40.0 20.0 40.0 30.0 20.0 50.0 50.0 40.0 30.0 30.0 30.0 20.0 30.0 30.0 40.0 30.0 30.0 30.0 20.0 30.0 20.0 40.0 30.0 30.0 40.0 30.0 30.0 30.0 40.0 40.0 40.0 30.0 10.0 30.0 20.0 30.0 30.0 30.0 30.0 30.0 40.0 30.0 20.0 40.0 40.0 30.0 40.0 20.0 40.0 10.0 40.0 30.0 30.0 20.0 40.0 10.0 30.0 30.0 30.0 30.0 20.0 20.0 40.0 30.0 20.0 40.0 30.0 40.0 30.0 30.0 20.0 20.0 30.0 20.0 20.0 20.0 20.0 20.0 40.0 30.0 50.0 40.0 30.0 30.0 20.0 40.0 30.0 30.0 30.0 30.0 30.0 30.0 20.0 30.0 30.0 30.0 30.0 30.0 40.0 40.0 40.0 30.0 40.0 20.0 40.0 20.0 30.0 30.0 20.0 20.0 30.0 30.0 30.0 20.0 20.0 30.0 10.0 20.0 30.0 40.0 40.0 40.0 50.0 60.0 40.0 30.0 40.0 10.0 30.0 30.0 40.0 20.0 30.0 30.0 20.0 20.0 20.0 30.0 30.0 30.0 50.0 40.0 70.0 60.0 60.0 60.0 40.0 40.0 40.0 30.0 50.0 30.0 20.0 30.0 20.0 40.0 30.0 30.0 40.0 40.0 40.0 40.0 60.0 70.0 80.0 90.0 70.0 30.0 30.0 30.0 30.0 40.0 30.0 30.0 30.0 40.0 30.0 40.0 20.0 10.0 20.0 20.0 30.0 40.0 80.0 90.0 70.0 50.0 40.0 30.0 40.0 40.0 30.0 30.0 30.0 40.0 30.0 30.0 30.0 30.0 30.0 30.0 40.0 50.0 50.0 80.0 100.0 60.0 50.0 40.0 30.0 30.0 40.0 30.0 30.0 30.0 30.0 50.0 30.0 40.0 40.0 20.0 40.0 30.0 30.0 40.0 50.0 60.0 50.0 60.0 40.0 30.0 10.0 20.0 30.0 30.0 20.0 30.0 30.0 30.0 20.0 20.0 40.0 20.0 30.0 40.0 20.0 60.0 50.0 40.0 30.0 40.0 30.0 20.0 30.0 20.0 30.0 20.0 30.0 20.0 40.0 30.0 30.0 40.0 30.0 40.0 40.0 40.0 30.0 30.0 30.0 30.0 40.0 40.0 20.0 20.0 20.0 30.0 20.0 30.0 30.0 20.0 20.0 20.0 30.0 40.0 40.0 40.0 30.0 30.0 30.0 30.0 30.0 30.0 30.0 40.0 40.0 40.0 30.0 40.0 40.0 20.0 30.0 30.0 40.0 30.0 30.0 30.0 30.0 30.0 20.0 40.0 30.0 30.0 30.0 30.0 20.0 40.0 20.0 30.0 30.0 40.0 40.0 40.0 30.0 40.0 40.0 40.0 30.0 20.0 30.0 20.0 30.0 30.0 30.0 20.0 30.0 30.0 40.0 40.0 30.0 30.0 40.0 20.0 30.0 20.0 40.0 20.0 20.0 20.0 30.0 30.0 30.0 30.0 20.0 30.0 30.0 30.0 30.0 40.0 20.0 20.0 30.0 30.0 30.0 30.0 10.0 50.0 20.0 20.0 40.0 20.0 20.0 30.0 40.0 30.0 20.0 20.0 20.0 40.0 20.0 30.0 20.0 20.0 40.0 50.0 40.0 30.0 30.0 30.0 30.0 30.0 40.0 30.0 40.0 30.0 30.0 20.0 30.0 40.0 30.0 30.0 40.0 40.0 40.0 20.0
4,21,21,1.75,25.0,9,10.6,9.7,10.6,9.7,11.111731843575418,9.748603351955307,1790.0,30.0,10.954464090351712,9.535635783667352,1039.90384260767,29.58475793018818,30.0 20.0 40.0 30.0 30.0 30.0 40.0 20.0 40.0 20.0 30.0 30.0 30.0 40.0 20.0 40.0 30.0 20.0 20.0 30.0 30.0 40.0 30.0 30.0 20.0 30.0 40.0 30.0 30.0 30.0 40.0 40.0 30.0 20.0 20.0 20.0 30.0 40.0 30.0 20.0 30.0 40.0 40.0 40.0 30.0 30.0 20.0 40.0 20.0 30.0 30.0 50.0 30.0 40.0 20.0 30.0 20.0 20.0 30.0 20.0 20.0 20.0 30.0 40.0 20.0 30.0 40.0 40.0 30.0 30.0 40.0 30.0 30.0 20.0 30.0 30.0 20.0 30.0 30.0 30.0 30.0 30.0 50.0 20.0 30.0 20.0 20.0 20.0 40.0 30.0 30.0 30.0 30.0 20.0 40.0 30.0 30.0 40.0 20.0 50.0 30.0 40.0 40.0 30.0 40.0 10.0 30.0 30.0 20.0 20.0 20.0 30.0 20.0 30.0 30.0 30.0 20.0 40.0 40.0 20.0 30.0 40.0 40.0 50.0 30.0 30.0 20.0 40.0 10.0 10.0 30.0 30.0 30.0 30.0 20.0 40.0 30.0 20.0 40.0 30.0 30.0 40.0 30.0 20.0 30.0 30.0 30.0 20.0 20.0 20.0 40.0 30.0 20.0 40.0 30.0 20.0 30.0 40.0 40.0 60.0 40.0 40.0 40.0 20.0 30.0 40.0 20.0 40.0 40.0 30.0 30.0 30.0 30.0 20.0 30.0 40.0 30.0 50.0 70.0 70.0 70.0 50.0 40.0 30.0 30.0 40.0 30.0 40.0 30.0 30.0 30.0 30.0 20.0 30.0 40.0 20.0 40.0 30.0 70.0 70.0 90.0 60.0 60.0 40.0 20.0 40.0 30.0 30.0 20.0 30.0 30.0 40.0 60.0 20.0 20.0 30.0 30.0 40.0 50.0 60.0 70.0 80.0 60.0 50.0 40.0 30.0 30.0 30.0 20.0 50.0 20.0 30.0 40.0 30.0 40.0 20.0 20.0 30.0 20.0 30.0 60.0 60.0 70.0 60.0 50.0 40.0 30.0 30.0 20.0 40.0 10.0 10.0 20.0 20.0 30.0 20.0 40.0 20.0 20.0 30.0 20.0 40.0 40.0 50.0 50.0 50.0 20.0 40.0 30.0 30.0 30.0 30.0 20.0 50.0 30.0 10.0 40.0 40.0 50.0 30.0 40.0 30.0 30.0 50.0 40.0 40.0 20.0 30.0 30.0 20.0 30.0 30.0 30.0 40.0 30.0 40.0 30.0 40.0 20.0 30.0 20.0 30.0 30.0 20.0 50.0 40.0 30.0 30.0 40.0 30.0 20.0 30.0 30.0 30.0 30.0 30.0 30.0 30.0 30.0 20.0 20.0 30.0 40.0 30.0 30.0 30.0 10.0 30.0 20.0 30.0 30.0 20.0 30.0 30.0 40.0 30.0 30.0 30.0 20.0 40.0 30.0 20.0 30.0 40.0 30.0 50.0 30.0 20.0 30.0 40.0 30.0 30.0 30.0 30.0 30.0 30.0 30.0 40.0 20.0 20.0 40.0 30.0 20.0 20.0 20.0 40.0 20.0 20.0 30.0 30.0 30.0 40.0 30.0 30.0 30.0 30.0 40.0 30.0 40.0 30.0 30.0 50.0 20.0 30.0 40.0 30.0 30.0 40.0 30.0 30.0 30.0 30.0 30.0 20.0 40.0 40.0 30.0 40.0 30.0 20.0 20.0 30.0 30.0 10.0 20.0 30.0 40.0 20.0 30.0 30.0 40.0 30.0 30.0 30.0 30.0 40.0 40.0 30.0 30.0 40.0 40.0 10.0 20.0 20.0 30.0 30.0 30.0 40.0 30.0 40.0 20.0 30.0 30.0 50.0 20.0 30.0 40.0 40.0 30.0 30.0 30.0
5,21,21,1.75,25.0,9,10.75,9.625,10.75,9.625,11.166666666666666,10.08108108108108,2220.0,30.0,10.841810623144879,9.497215630430297,1145.2895373263452,30.677868970845978,20.0 30.0 30.0 30.0 30.0 20.0 10.0 30.0 20.0 40.0 30.0 30.0 40.0 30.0 30.0 20.0 20.0 30.0 40.0 30.0 30.0 40.0 30.0 40.0 40.0 30.0 20.0 30.0 20.0 20.0 40.0 40.0 30.0 20.0 30.0 30.0 40.0 30.0 40.0 40.0 30.0 20.0 30.0 40.0 10.0 30.0 30.0 50.0 30.0 20.0 40.0 20.0 20.0 40.0 20.0 30.0 30.0 30.0 20.0 20.0 30.0 30.0 30.0 30.0 30.0 30.0 40.0 40.0 20.0 30.0 20.0 30.0 30.0 30.0 40.0 20.0 30.0 40.0 30.0 40.0 30.0 40.0 40.0 30.0 30.0 40.0 40.0 30.0 40.0 20.0 40.0 20.0 30.0 30.0 30.0 20.0 30.0 30.0 30.0 40.0 30.0 40.0 30.0 30.0 30.0 30.0 30.0 20.0 30.0 30.0 20.0 20.0 30.0 40.0 30.0 30.0 30.0 30.0 40.0 20.0 30.0 30.0 20.0 20.0 30.0 40.0 10.0 30.0 30.0 30.0 30.0 30.0 30.0 40.0 30.0 40.0 50.0 40.0 40.0 30.0 30.0 40.0 20.0 20.0 20.0 40.0 40.0 20.0 20.0 40.0 40.0 30.0 10.0 20.0 40.0 40.0 30.0 40.0 40.0 50.0 50.0 40.0 30.0 40.0 10.0 40.0 30.0 30.0 40.0 20.0 40.0 40.0 20.0 30.0 20.0 20.0 50.0 50.0 90.0 60.0 70.0 60.0 30.0 40.0 40.0 30.0 30.0 40.0 30.0 30.0 40.0 10.0 30.0 20.0 30.0 30.0 30.0 50.0 60.0 90.0 80.0 70.0 60.0 40.0 50.0 20.0 30.0 30.0 20.0 30.0 30.0 20.0 40.0 40.0 20.0 40.0 40.0 40.0 50.0 40.0 100.0 70.0 70.0 70.0 50.0 40.0 30.0 40.0 40.0 40.0 30.0 30.0 30.0 30.0 30.0 20.0 30.0 40.0 40.0 60.0 50.0 70.0 70.0 40.0 60.0 30.0 40.0 20.0 30.0 20.0 40.0 40.0 10.0 30.0 40.0 30.0 30.0 30.0 40.0 30.0 30.0 60.0 70.0 40.0 40.0 50.0 50.0 30.0 40.0 20.0 30.0 40.0 40.0 20.0 20.0 30.0 30.0 30.0 30.0 30.0 40.0 30.0 30.0 40.0 30.0 40.0 40.0 20.0 30.0 30.0 30.0 40.0 40.0 30.0 30.0 50.0 20.0 40.0 20.0 30.0 30.0 20.0 30.0 40.0 20.0 30.0 40.0 40.0 30.0 20.0 30.0 40.0 30.0 20.0 40.0 30.0 10.0 20.0 30.0 30.0 30.0 30.0 50.0 40.0 30.0 40.0 40.0 30.0 30.0 30.0 40.0 20.0 30.0 20.0 30.0 50.0 30.0 20.0 40.0 30.0 30.0 20.0 40.0 40.0 40.0 20.0 30.0 20.0 50.0 30.0 40.0 40.0 40.0 30.0 40.0 40.0 20.0 20.0 20.0 30.0 20.0 30.0 30.0 10.0 40.0 30.0 40.0 20.0 20.0 20.0 30.0 30.0 40.0 30.0 40.0 20.0 40.0 40.0 30.0 30.0 50.0 20.0 30.0 40.0 20.0 20.0 20.0 40.0 20.0 20.0 30.0 40.0 30.0 40.0 20.0 40.0 30.0 20.0 30.0 20.0 20.0 10.0 40.0 20.0 20.0 50.0 20.0 20.0 40.0 20.0 30.0 30.0 20.0 30.0 30.0 50.0 30.0 30.0 30.0 30.0 30.0 30.0 40.0 40.0 30.0 30.0 30.0 30.0 40.0 20.0 40.0 20.0 10.0 40.0 40.0 30.0 30.0 30.0 30.0 30.0 30.0
6,21,21,1.75,25.0,9,10.9,9.55,10.9,9.55,11.136125654450261,9.429319371727749,1910.0,30.0,10.714072261723189,9.559245572667301,1105.1255386411494,29.62625921087162,30.0 30.0 20.0 20.0 20.0 20.0 30.0 30.0 20.0 20.0 20.0 30.0 40.0 50.0 20.0 30.0 30.0 30.0 40.0 30.0 40.0 20.0 30.0 20.0 20.0 40.0 30.0 40.0 30.0 30.0 30.0 20.0 10.0 30.0 40.0 30.0 40.0 40.0 20.0 40.0 30.0 20.0 40.0 30.0 20.0 30.0 30.0 30.0 20.0 20.0 40.0 20.0 40.0 40.0 30.0 40.0 30.0 40.0 30.0 20.0 30.0 30.0 20.0 30.0 40.0 30.0 20.0 40.0 40.0 30.0 30.0 20.0 30.0 30.0 30.0 40.0 30.0 40.0 30.0 20.0 40.0 40.0 20.0 30.0 20.0 40.0 30.0 10.0 30.0 50.0 30.0 20.0 20.0 50.0 30.0 30.0 20.0 30.0 30.0 40.0 30.0 30.0 40.0 20.0 30.0 30.0 30.0 40.0 30.0 30.0 30.0 20.0 20.0 30.0 30.0 20.0 40.0 20.0 20.0 40.0 30.0 30.0 40.0 30.0 20.0 30.0 30.0 30.0 40.0 30.0 40.0 30.0 50.0 20.0 30.0 30.0 40.0 30.0 40.0 30.0 30.0 20.0 20.0 40.0 40.0 40.0 40.0 30.0 30.0 30.0 20.0 30.0 40.0 40.0 40.0 40.0 30.0 50.0 50.0 50.0 50.0 40.0 30.0 20.0 30.0 40.0 30.0 40.0 40.0 20.0 20.0 30.0 30.0 20.0 20.0 20.0 40.0 60.0 50.0 70.0 60.0 40.0 40.0 30.0 40.0 50.0 20.0 20.0 30.0 30.0 20.0 20.0 30.0 40.0 30.0 30.0 40.0 50.0 50.0 90.0 70.0 80.0 60.0 30.0 30.0 30.0 30.0 30.0 30.0 30.0 20.0 30.0 40.0 20.0 50.0 40.0 30.0 40.0 40.0 80.0 80.0 80.0 60.0 50.0 50.0 40.0 20.0 30.0 20.0 40.0 30.0 30.0 20.0 30.0 30.0 30.0 30.0 20.0 50.0 40.0 60.0 80.0 80.0 70.0 40.0 40.0 40.0 30.0 40.0 20.0 40.0 30.0 30.0 30.0 20.0 30.0 20.0 10.0 40.0 40.0 30.0 40.0 30.0 50.0 30.0 20.0 50.0 30.0 30.0 50.0 30.0 20.0 30.0 30.0 30.0 30.0 20.0 20.0 30.0 30.0 30.0 30.0 40.0 30.0 40.0 40.0 40.0 30.0 20.0 20.0 40.0 20.0 40.0 30.0 20.0 20.0 30.0 30.0 20.0 40.0 40.0 20.0 20.0 30.0 40.0 40.0 20.0 50.0 30.0 20.0 20.0 20.0 40.0 30.0 40.0 40.0 40.0 40.0 30.0 30.0 10.0 30.0 30.0 20.0 40.0 20.0 40.0 30.0 20.0 30.0 30.0 30.0 30.0 30.0 30.0 20.0 30.0 30.0 20.0 20.0 20.0 30.0 40.0 30.0 30.0 20.0 40.0 20.0 20.0 30.0 30.0 30.0 40.0 40.0 30.0 20.0 20.0 30.0 30.0 20.0 30.0 30.0 30.0 30.0 30.0 20.0 30.0 30.0 40.0 30.0 30.0 40.0 30.0 20.0 10.0 40.0 30.0 20.0 40.0 30.0 40.0 20.0 20.0 40.0 40.0 30.0 30.0 40.0 30.0 20.0 30.0 30.0 30.0 40.0 30.0 40.0 30.0 20.0 30.0 30.0 30.0 30.0 30.0 20.0 20.0 20.0 30.0 30.0 40.0 10.0 30.0 20.0 30.0 30.0 40.0 20.0 30.0 30.0 30.0 40.0 30.0 30.0 20.0 40.0 30.0 30.0 20.0 30.0 30.0 30.0 10.0 40.0 40.0 30.0 40.0 20.0 20.0 20.0 30.0 30.0 20.0
7,21,21,1.75,25.0,9,10.0,10.0,10.0,10.0,9.970558375634518,10.084263959390864,9850.0,30.0,10.039863446024476,10.014195186296432,9081.448291048195,30.1344951335873,20.0 30.0 30.0 30.0 20.0 20.0 30.0 40.0 30.0 30.0 30.0 30.0 40.0 30.0 40.0 20.0 40.0 30.0 20.0 30.0 20.0 30.0 30.0 30.0 20.0 30.0 20.0 30.0 40.0 30.0 20.0 20.0 30.0 30.0 20.0 20.0 30.0 20.0 40.0 10.0 10.0 20.0 30.0 30.0 20.0 40.0 20.0 20.0 30.0 30.0 20.0 30.0 20.0 30.0 40.0 30.0 30.0 20.0 20.0 20.0 30.0 30.0 20.0 30.0 10.0 30.0 40.0 30.0 20.0 40.0 40.0 30.0 30.0 30.0 40.0 30.0 40.0 40.0 20.0 30.0 30.0 20.0 20.0 30.0 40.0 40.0 40.0 40.0 20.0 30.0 20.0 30.0 50.0 20.0 40.0 20.0 20.0 50.0 20.0 30.0 30.0 30.0 40.0 20.0 30.0 20.0 30.0 40.0 30.0 30.0 30.0 30.0 30.0 30.0 20.0 40.0 30.0 30.0 30.0 30.0 30.0 30.0 40.0 30.0 40.0 30.0 20.0 30.0 30.0 40.0 30.0 40.0 40.0 40.0 50.0 70.0 70.0 60.0 40.0 30.0 20.0 30.0 30.0 30.0 40.0 30.0 30.0 30.0 20.0 30.0 20.0 30.0 30.0 30.0 40.0 90.0 130.0 140.0 140.0 90.0 80.0 50.0 30.0 30.0 30.0 30.0 20.0 40.0 20.0 50.0 30.0 40.0 20.0 50.0 50.0 110.0 160.0 230.0 250.0 250.0 160.0 80.0 60.0 30.0 30.0 30.0 30.0 20.0 20.0 30.0 40.0 20.0 30.0 30.0 50.0 50.0 120.0 210.0 380.0 410.0 360.0 220.0 120.0 70.0 30.0 20.0 30.0 20.0 40.0 40.0 30.0 30.0 30.0 30.0 30.0 30.0 70.0 160.0 270.0 380.0 500.0 460.0 270.0 160.0 70.0 30.0 30.0 40.0 40.0 20.0 30.0 30.0 20.0 10.0 50.0 20.0 40.0 70.0 130.0 230.0 340.0 440.0 360.0 240.0 110.0 60.0 30.0 50.0 20.0 40.0 30.0 30.0 30.0 30.0 30.0 20.0 30.0 40.0 50.0 80.0 160.0 220.0 260.0 240.0 170.0 110.0 70.0 40.0 30.0 30.0 30.0 30.0 30.0 20.0 30.0 40.0 30.0 40.0 40.0 40.0 50.0 90.0 130.0 130.0 130.0 90.0 60.0 50.0 40.0 40.0 20.0 30.0 40.0 20.0 10.0 40.0 40.0 40.0 30.0 40.0 40.0 20.0 50.0 80.0 70.0 70.0 60.0 40.0 40.0 30.0 30.0 20.0 20.0 30.0 20.0 20.0 40.0 30.0 30.0 30.0 30.0 30.0 40.0 40.0 40.0 50.0 40.0 30.0 30.0 40.0 30.0 40.0 20.0 20.0 20.0 30.0 40.0 30.0 40.0 30.0 30.0 30.0 30.0 30.0 30.0 30.0 30.0 40.0 30.0 30.0 40.0 20.0 30.0 20.0 30.0 30.0 20.0 40.0 30.0 30.0 30.0 40.0 50.0 30.0 30.0 50.0 30.0 40.0 20.0 30.0 20.0 30.0 20.0 30.0 40.0 50.0 20.0 40.0 30.0 20.0 30.0 30.0 30.0 30.0 30.0 30.0 20.0 20.0 40.0 20.0 30.0 30.0 30.0 40.0 40.0 30.0 30.0 20.0 30.0 60.0 20.0 20.0 40.0 30.0 40.0 40.0 30.0 30.0 20.0 40.0 30.0 30.0 10.0 40.0 30.0 30.0 30.0 30.0 30.0 30.0 40.0 20.0 30.0 40.0 20.0 30.0 20.0 30.0 40.0 30.0 30.0 30.0 20.0 30.0 50.0 30.0 40.0 20.0 40.0 30.0 40.0
8,21,21,1.75,25.0,9,10.15,9.925,10.15,9.925,10.16202270381837,9.798761609907121,9690.0,30.0,10.13982198597452,9.882540897445592,9135.322054600525,29.377231118568442,30.0 30.0 20.0 40.0 10.0 30.0 40.0 40.0 30.0 30.0 40.0 40.0 10.0 30.0 40.0 30.0 30.0 30.0 40.0 30.0 30.0 30.0 20.0 20.0 20.0 50.0 30.0 20.0 30.0 30.0 30.0 20.0 30.0 20.0 40.0 30.0 10.0 20.0 30.0 30.0 40.0 20.0 20.0 30.0 20.0 20.0 30.0 10.0 30.0 20.0 30.0 30.0 30.0 30.0 40.0 20.0 20.0 50.0 30.0 30.0 30.0 30.0 40.0 30.0 40.0 30.0 30.0 30.0 30.0 30.0 30.0 50.0 30.0 30.0 30.0 30.0 30.0 40.0 40.0 40.0 40.0 40.0 30.0 20.0 30.0 10.0 20.0 30.0 30.0 20.0 30.0 30.0 30.0 20.0 30.0 20.0 40.0 30.0 40.0 40.0 30.0 50.0 20.0 30.0 30.0 30.0 40.0 40.0 40.0 30.0 20.0 40.0 30.0 40.0 30.0 40.0 40.0 30.0 50.0 40.0 40.0 20.0 50.0 30.0 30.0 20.0 20.0 30.0 30.0 30.0 20.0 20.0 30.0 50.0 50.0 50.0 80.0 70.0 50.0 40.0 50.0 40.0 20.0 30.0 30.0 30.0 30.0 20.0 30.0 30.0 20.0 50.0 40.0 40.0 50.0 70.0 130.0 140.0 120.0 120.0 60.0 40.0 40.0 30.0 20.0 30.0 30.0 30.0 20.0 20.0 30.0 20.0 40.0 30.0 60.0 100.0 150.0 250.0 280.0 260.0 180.0 110.0 40.0 30.0 30.0 30.0 30.0 30.0 30.0 20.0 30.0 30.0 30.0 30.0 30.0 60.0 120.0 220.0 360.0 470.0 400.0 290.0 140.0 70.0 60.0 30.0 40.0 40.0 30.0 30.0 40.0 20.0 40.0 20.0 20.0 40.0 60.0 130.0 260.0 420.0 480.0 430.0 300.0 150.0 50.0 40.0 30.0 10.0 30.0 20.0 40.0 40.0 40.0 20.0 30.0 40.0 40.0 50.0 90.0 190.0 310.0 420.0 360.0 240.0 140.0 60.0 40.0 30.0 20.0 30.0 30.0 20.0 20.0 30.0 20.0 20.0 40.0 30.0 60.0 90.0 130.0 220.0 260.0 230.0 150.0 80.0 50.0 40.0 30.0 40.0 40.0 40.0 40.0 30.0 30.0 30.0 30.0 40.0 40.0 30.0 50.0 90.0 110.0 140.0 110.0 100.0 60.0 40.0 40.0 40.0 30.0 40.0 40.0 30.0 30.0 40.0 20.0 20.0 40.0 20.0 30.0 30.0 50.0 70.0 60.0 60.0 40.0 30.0 30.0 30.0 30.0 20.0 30.0 30.0 40.0 40.0 30.0 20.0 30.0 30.0 30.0 20.0 30.0 20.0 40.0 30.0 40.0 40.0 30.0 30.0 30.0 30.0 30.0 20.0 30.0 30.0 30.0 30.0 30.0 30.0 40.0 30.0 30.0 20.0 30.0 20.0 30.0 20.0 20.0 40.0 30.0 30.0 30.0 30.0 40.0 30.0 30.0 30.0 40.0 40.0 30.0 20.0 30.0 30.0 30.0 20.0 30.0 30.0 20.0 20.0 30.0 30.0 30.0 30.0 20.0 30.0 40.0 30.0 30.0 30.0 20.0 30.0 10.0 20.0 20.0 40.0 30.0 30.0 30.0 20.0 20.0 30.0 30.0 10.0 20.0 20.0 30.0 30.0 40.0 40.0 40.0 30.0 20.0 30.0 40.0 30.0 30.0 20.0 30.0 20.0 40.0 20.0 40.0 20.0 30.0 20.0 30.0 20.0 20.0 20.0 40.0 30.0 40.0 30.0 40.0 30.0 40.0 20.0 30.0 50.0 30.0 30.0 30.0 20.0 20.0 20.0 30.0 30.0 30.0 40.0 30.0
9,21,21,1.75,25.0,9,10.3,9.85,10.3,9.85,10.26004016064257,9.990963855421686,9960.0,30.0,10.27917177814802,9.851245546620694,9146.08209602347,30.205890322172486,40.0 30.0 30.0 30.0 20.0 20.0 30.0 30.0 40.0 30.0 30.0 40.0 20.0 30.0 30.0 20.0 40.0 30.0 30.0 30.0 20.0 30.0 20.0 20.0 40.0 30.0 30.0 20.0 10.0 20.0 30.0 40.0 20.0 10.0 40.0 30.0 20.0 20.0 40.0 20.0 30.0 40.0 30.0 20.0 40.0 20.0 20.0 40.0 30.0 30.0 30.0 20.0 30.0 50.0 20.0 30.0 30.0 30.0 20.0 20.0 20.0 30.0 40.0 40.0 30.0 20.0 30.0 20.0 30.0 40.0 40.0 30.0 30.0 20.0 40.0 30.0 40.0 40.0 30.0 30.0 30.0 30.0 30.0 30.0 40.0 30.0 30.0 30.0 30.0 20.0 30.0 20.0 10.0 40.0 30.0 30.0 20.0 30.0 10.0 40.0 40.0 20.0 40.0 30.0 30.0 20.0 40.0 30.0 30.0 30.0 30.0 40.0 50.0 20.0 40.0 40.0 40.0 40.0 30.0 30.0 30.0 30.0 30.0 30.0 40.0 20.0 20.0 30.0 40.0 40.0 20.0 40.0 20.0 50.0 40.0 80.0 70.0 80.0 50.0 50.0 40.0 40.0 30.0 20.0 20.0 50.0 20.0 30.0 30.0 10.0 30.0 20.0 30.0 30.0 30.0 80.0 130.0 150.0 150.0 110.0 70.0 30.0 40.0 40.0 30.0 20.0 40.0 30.0 30.0 30.0 20.0 30.0 40.0 40.0 60.0 90.0 140.0 230.0 300.0 280.0 190.0 110.0 60.0 40.0 20.0 20.0 40.0 30.0 30.0 30.0 30.0 20.0 20.0 30.0 30.0 50.0 100.0 200.0 340.0 470.0 430.0 290.0 150.0 80.0 50.0 30.0 30.0 30.0 30.0 30.0 40.0 40.0 30.0 30.0 40.0 30.0 60.0 110.0 210.0 410.0 490.0 470.0 340.0 150.0 80.0 30.0 40.0 40.0 40.0 30.0 40.0 30.0 30.0 30.0 20.0 40.0 40.0 50.0 90.0 190.0 300.0 430.0 350.0 280.0 110.0 50.0 40.0 30.0 40.0 40.0 30.0 30.0 20.0 40.0 20.0 30.0 20.0 40.0 40.0 80.0 110.0 220.0 250.0 220.0 190.0 90.0 60.0 30.0 40.0 20.0 30.0 20.0 30.0 40.0 40.0 30.0 30.0 30.0 30.0 30.0 40.0 60.0 130.0 100.0 120.0 100.0 70.0 50.0 40.0 40.0 20.0 40.0 20.0 30.0 20.0 30.0 30.0 30.0 20.0 20.0 30.0 40.0 60.0 40.0 70.0 40.0 60.0 30.0 20.0 30.0 20.0 30.0 30.0 40.0 20.0 30.0 20.0 30.0 30.0 30.0 30.0 30.0 30.0 50.0 50.0 40.0 30.0 30.0 20.0 40.0 30.0 20.0 30.0 30.0 40.0 30.0 30.0 40.0 40.0 40.0 30.0 20.0 20.0 30.0 30.0 30.0 50.0 40.0 20.0 30.0 30.0 20.0 20.0 30.0 20.0 20.0 30.0 30.0 40.0 40.0 40.0 40.0 30.0 40.0 40.0 40.0 40.0 30.0 30.0 40.0 30.0 20.0 40.0 20.0 20.0 50.0 40.0 30.0 30.0 40.0 30.0 40.0 40.0 20.0 30.0 50.0 40.0 50.0 30.0 40.0 30.0 30.0 20.0 30.0 30.0 30.0 30.0 40.0 30.0 40.0 40.0 30.0 30.0 30.0 20.0 30.0 40.0 30.0 40.0 30.0 20.0 40.0 20.0 30.0 30.0 40.0 40.0 30.0 40.0 40.0 40.0 30.0 30.0 20.0 30.0 30.0 30.0 20.0 30.0 40.0 20.0 30.0 50.0 30.0 30.0 30.0 30.0 30.0 40.0 30.0 40.0
10,21,21,1.75,25.0,9,10.45,9.775,10.45,9.775,10.4258872651357,9.742171189979123,9580.0,30.0,10.465238513405886,9.790599371628371,9017.913661916846,29.56310284276407,40.0 30.0 30.0 40.0 20.0 40.0 30.0 30.0 30.0 30.0 20.0 30.0 20.0 20.0 40.0 20.0 20.0 30.0 40.0 20.0 20.0 30.0 40.0 30.0 50.0 20.0 20.0 30.0 40.0 20.0 20.0 30.0 30.0 30.0 30.0 40.0 30.0 40.0 30.0 40.0 30.0 30.0 30.0 30.0 30.0 30.0 20.0 30.0 20.0 20.0 40.0 40.0 30.0 40.0 30.0 40.0 30.0 30.0 30.0 30.0 20.0 20.0 30.0 30.0 30.0 30.0 30.0 30.0 40.0 30.0 30.0 30.0 30.0 20.0 20.0 30.0 30.0 20.0 30.0 30.0 30.0 30.0 30.0 30.0 30.0 30.0 30.0 30.0 40.0 20.0 40.0 20.0 40.0 30.0 40.0 50.0 20.0 30.0 30.0 20.0 30.0 30.0 40.0 40.0 30.0 30.0 30.0 30.0 40.0 30.0 40.0 40.0 30.0 30.0 50.0 50.0 40.0 30.0 40.0 40.0 30.0 30.0 20.0 30.0 10.0 20.0 30.0 30.0 20.0 30.0 30.0 30.0 30.0 30.0 40.0 60.0 70.0 90.0 50.0 40.0 40.0 40.0 40.0 30.0 20.0 30.0 30.0 40.0 30.0 30.0 40.0 30.0 20.0 40.0 60.0 80.0 110.0 150.0 120.0 100.0 90.0 60.0 40.0 20.0 20.0 40.0 30.0 40.0 40.0 20.0 40.0 30.0 30.0 40.0 30.0 70.0 150.0 210.0 270.0 260.0 240.0 130.0 80.0 50.0 20.0 30.0 20.0 40.0 20.0 20.0 20.0 40.0 30.0 30.0 40.0 60.0 90.0 190.0 350.0 410.0 420.0 320.0 180.0 70.0 60.0 30.0 30.0 20.0 20.0 30.0 30.0 40.0 40.0 20.0 40.0 20.0 50.0 100.0 220.0 380.0 520.0 460.0 370.0 190.0 90.0 50.0 30.0 30.0 40.0 20.0 30.0 30.0 30.0 30.0 40.0 30.0 30.0 50.0 70.0 170.0 300.0 390.0 340.0 310.0 150.0 80.0 60.0 30.0 30.0 30.0 10.0 30.0 30.0 30.0 30.0 40.0 30.0 40.0 30.0 50.0 100.0 160.0 220.0 220.0 180.0 110.0 60.0 40.0 40.0 30.0 20.0 30.0 40.0 40.0 20.0 20.0 40.0 40.0 30.0 20.0 50.0 70.0 100.0 110.0 90.0 80.0 50.0 60.0 40.0 50.0 30.0 40.0 20.0 20.0 30.0 40.0 20.0 20.0 20.0 40.0 20.0 30.0 40.0 40.0 40.0 50.0 50.0 40.0 40.0 50.0 30.0 20.0 30.0 30.0 30.0 40.0 30.0 30.0 20.0 30.0 30.0 30.0 30.0 30.0 30.0 20.0 40.0 30.0 40.0 30.0 30.0 30.0 30.0 20.0 40.0 30.0 50.0 40.0 20.0 30.0 30.0 30.0 20.0 30.0 30.0 20.0 30.0 30.0 30.0 30.0 40.0 30.0 40.0 30.0 30.0 30.0 40.0 30.0 30.0 10.0 40.0 20.0 20.0 20.0 20.0 30.0 40.0 20.0 20.0 30.0 10.0 30.0 30.0 30.0 40.0 20.0 20.0 30.0 30.0 40.0 20.0 20.0 40.0 30.0 20.0 40.0 30.0 30.0 40.0 40.0 20.0 30.0 30.0 40.0 30.0 30.0 30.0 30.0 30.0 30.0 30.0 30.0 30.0 20.0 30.0 20.0 30.0 30.0 30.0 30.0 30.0 30.0 30.0 40.0 20.0 30.0 30.0 20.0 20.0 30.0 50.0 40.0 30.0 30.0 40.0 20.0 30.0 30.0 30.0 30.0 30.0 30.0 20.0 30.0 40.0 50.0 30.0 30.0 50.0 20.0 30.0
11,21,21,1.75,25.0,9,10.6,9.7,10.6,9.7,10.58377239199157,9.752370916754478,9490.0,30.0,10.597755570577311,9.71799195861357,8873.493697571126,29.631460972527083,20.0 30.0 30.0 30.0 20.0 30.0 40.0 40.0 20.0 20.0 20.0 30.0 30.0 30.0 30.0 30.0 40.0 30.0 20.0 30.0 30.0 30.0 30.0 40.0 40.0 30.0 20.0 20.0 20.0 40.0 40.0 30.0 30.0 20.0 40.0 20.0 40.0 20.0 30.0 40.0 20.0 20.0 40.0 30.0 40.0 30.0 20.0 40.0 20.0 30.0 20.0 30.0 30.0 30.0 40.0 30.0 40.0 30.0 20.0 30.0 30.0 30.0 30.0 30.0 30.0 30.0 30.0 30.0 40.0 30.0 10.0 40.0 30.0 20.0 10.0 40.0 10.0 40.0 30.0 30.0 30.0 30.0 40.0 40.0 40.0 30.0 30.0 20.0 20.0 30.0 20.0 20.0 20.0 20.0 40.0 40.0 40.0 30.0 30.0 20.0 30.0 20.0 20.0 30.0 20.0 30.0 20.0 20.0 30.0 30.0 30.0 40.0 30.0 50.0 40.0 50.0 40.0 40.0 50.0 30.0 40.0 30.0 30.0 50.0 30.0 30.0 20.0 30.0 40.0 30.0 40.0 30.0 20.0 20.0 50.0 70.0 60.0 70.0 70.0 20.0 40.0 40.0 30.0 30.0 40.0 20.0 30.0 40.0 40.0 40.0 20.0 30.0 30.0 30.0 40.0 80.0 100.0 150.0 190.0 150.0 70.0 50.0 30.0 30.0 20.0 20.0 20.0 30.0 30.0 40.0 30.0 40.0 30.0 30.0 40.0 70.0 130.0 210.0 320.0 320.0 250.0 140.0 80.0 40.0 20.0 30.0 10.0 40.0 30.0 30.0 20.0 30.0 30.0 40.0 30.0 50.0 60.0 160.0 300.0 390.0 450.0 330.0 180.0 80.0 50.0 30.0 30.0 30.0 20.0 40.0 30.0 30.0 40.0 30.0 30.0 30.0 50.0 100.0 180.0 320.0 420.0 460.0 360.0 230.0 90.0 60.0 40.0 40.0 30.0 20.0 20.0 40.0 30.0 30.0 30.0 40.0 30.0 40.0 80.0 140.0 290.0 410.0 370.0 270.0 160.0 80.0 50.0 40.0 30.0 30.0 20.0 40.0 30.0 30.0 40.0 30.0 20.0 30.0 40.0 50.0 90.0 160.0 240.0 210.0 160.0 90.0 70.0 30.0 30.0 20.0 30.0 30.0 30.0 30.0 10.0 20.0 40.0 30.0 20.0 30.0 50.0 50.0 70.0 90.0 110.0 90.0 60.0 60.0 30.0 30.0 50.0 20.0 30.0 30.0 40.0 30.0 30.0 30.0 40.0 40.0 30.0 30.0 30.0 40.0 50.0 60.0 40.0 40.0 30.0 30.0 30.0 20.0 40.0 30.0 10.0 30.0 10.0 20.0 20.0 30.0 30.0 50.0 30.0 40.0 30.0 40.0 40.0 40.0 30.0 30.0 40.0 20.0 30.0 30.0 40.0 20.0 30.0 40.0 30.0 40.0 20.0 30.0 20.0 40.0 30.0 30.0 30.0 40.0 40.0 30.0 40.0 30.0 30.0 30.0 20.0 40.0 30.0 30.0 40.0 20.0 50.0 20.0 30.0 30.0 40.0 30.0 30.0 20.0 30.0 30.0 20.0 40.0 30.0 30.0 30.0 30.0 30.0 30.0 20.0 30.0 40.0 20.0 30.0 30.0 20.0 20.0 30.0 40.0 20.0 20.0 20.0 40.0 40.0 40.0 30.0 30.0 30.0 30.0 20.0 20.0 30.0 40.0 40.0 30.0 10.0 40.0 30.0 30.0 40.0 30.0 30.0 30.0 20.0 40.0 40.0 30.0 30.0 40.0 20.0 30.0 30.0 20.0 30.0 30.0 30.0 30.0 30.0 40.0 20.0 40.0 20.0 40.0 30.0 30.0 20.0 30.0 20.0 30.0 20.0 30.0 20.0
12,21,21,1.75,25.0,9,10.75,9.625,10.75,9.625,10.792299898682877,9.71225937183384,9870.0,30.0,10.781876195825225,9.585893158914741,9029.296379006972,30.55597184610607,40.0 30.0 30.0 20.0 20.0 30.0 20.0 30.0 20.0 30.0 20.0 30.0 30.0 30.0 30.0 40.0 30.0 20.0 30.0 40.0 20.0 30.0 30.0 20.0 30.0 50.0 40.0 30.0 20.0 30.0 30.0 20.0 30.0 30.0 30.0 30.0 30.0 40.0 30.0 20.0 30.0 30.0 20.0 30.0 30.0 30.0 20.0 30.0 30.0 40.0 30.0 30.0 30.0 40.0 40.0 20.0 40.0 30.0 30.0 30.0 30.0 30.0 30.0 40.0 30.0 20.0 40.0 30.0 30.0 30.0 20.0 30.0 30.0 20.0 30.0 30.0 20.0 30.0 20.0 30.0 30.0 30.0 30.0 50.0 40.0 40.0 30.0 20.0 30.0 30.0 30.0 20.0 40.0 30.0 30.0 30.0 40.0 50.0 30.0 30.0 20.0 40.0 20.0 40.0 20.0 30.0 20.0 40.0 30.0 50.0 20.0 40.0 30.0 40.0 30.0 40.0 60.0 50.0 40.0 30.0 50.0 30.0 30.0 30.0 20.0 20.0 40.0 30.0 30.0 20.0 30.0 30.0 30.0 30.0 50.0 80.0 90.0 80.0 80.0 60.0 30.0 30.0 20.0 30.0 20.0 20.0 30.0 20.0 40.0 30.0 30.0 40.0 20.0 30.0 50.0 70.0 130.0 180.0 180.0 160.0 110.0 50.0 50.0 30.0 30.0 40.0 50.0 40.0 20.0 30.0 40.0 20.0 30.0 30.0 50.0 60.0 130.0 240.0 300.0 340.0 270.0 170.0 100.0 40.0 30.0 30.0 50.0 30.0 30.0 40.0 30.0 30.0 40.0 30.0 30.0 40.0 70.0 130.0 280.0 410.0 450.0 360.0 220.0 110.0 60.0 30.0 30.0 40.0 30.0 30.0 30.0 40.0 20.0 40.0 30.0 40.0 60.0 80.0 170.0 290.0 450.0 470.0 380.0 230.0 120.0 50.0 40.0 20.0 30.0 40.0 30.0 30.0 40.0 30.0 20.0 20.0 20.0 30.0 70.0 140.0 220.0 340.0 370.0 280.0 210.0 100.0 50.0 30.0 40.0 50.0 30.0 40.0 30.0 30.0 40.0 30.0 20.0 30.0 60.0 40.0 80.0 140.0 190.0 220.0 180.0 110.0 70.0 40.0 30.0 40.0 20.0 30.0 30.0 20.0 30.0 20.0 20.0 50.0 40.0 30.0 40.0 50.0 70.0 90.0 110.0 90.0 60.0 40.0 30.0 30.0 20.0 20.0 30.0 40.0 30.0 50.0 40.0 20.0 20.0 30.0 40.0 30.0 40.0 40.0 30.0 50.0 40.0 40.0 20.0 40.0 30.0 30.0 40.0 40.0 40.0 30.0 40.0 40.0 30.0 20.0 20.0 50.0 40.0 40.0 30.0 50.0 40.0 30.0 30.0 40.0 30.0 30.0 30.0 40.0 30.0 30.0 30.0 30.0 20.0 40.0 20.0 30.0 40.0 30.0 20.0 40.0 30.0 50.0 40.0 30.0 40.0 30.0 40.0 30.0 20.0 20.0 30.0 40.0 20.0 30.0 40.0 20.0 30.0 20.0 30.0 30.0 30.0 40.0 30.0 20.0 40.0 20.0 30.0 40.0 30.0 20.0 20.0 30.0 20.0 30.0 40.0 20.0 30.0 40.0 30.0 30.0 20.0 20.0 50.0 30.0 20.0 30.0 30.0 40.0 30.0 30.0 10.0 40.0 40.0 30.0 20.0 40.0 20.0 30.0 40.0 30.0 30.0 30.0 40.0 30.0 40.0 20.0 10.0 30.0 40.0 30.0 40.0 20.0 20.0 30.0 40.0 20.0 30.0 20.0 30.0 40.0 30.0 30.0 20.0 20.0 30.0 20.0 20.0 20.0 30.0 40.0 40.0 30.0 30.0 30.0 40.0
13,21,21,1.75,25.0,9,10.9,9.55,10.9,9.55,10.836233367451381,9.57625383828045,9770.0,30.0,10.881306209970978,9.568252094462526,9117.199032286497,29.841976309687865,30.0 30.0 30.0 30.0 30.0 40.0 30.0 20.0 40.0 20.0 20.0 30.0 30.0 40.0 50.0 30.0 30.0 40.0 30.0 30.0 30.0 30.0 30.0 30.0 30.0 40.0 30.0 40.0 30.0 30.0 20.0 30.0 40.0 20.0 40.0 30.0 30.0 30.0 40.0 20.0 30.0 20.0 20.0 20.0 30.0 30.0 40.0 40.0 20.0 20.0 40.0 30.0 30.0 40.0 30.0 30.0 40.0 20.0 30.0 30.0 10.0 30.0 40.0 40.0 10.0 30.0 40.0 40.0 20.0 40.0 40.0 20.0 30.0 30.0 40.0 30.0 20.0 30.0 40.0 30.0 20.0 20.0 20.0 30.0 30.0 20.0 30.0 40.0 30.0 20.0 30.0 30.0 40.0 30.0 30.0 40.0 20.0 40.0 30.0 20.0 30.0 30.0 30.0 30.0 20.0 30.0 20.0 40.0 40.0 40.0 30.0 30.0 40.0 40.0 30.0 40.0 40.0 50.0 30.0 40.0 40.0 40.0 30.0 30.0 50.0 30.0 20.0 40.0 30.0 20.0 20.0 30.0 50.0 40.0 40.0 70.0 60.0 90.0 60.0 60.0 40.0 30.0 40.0 30.0 30.0 30.0 10.0 40.0 40.0 20.0 50.0 30.0 30.0 30.0 40.0 60.0 130.0 200.0 190.0 170.0 110.0 60.0 30.0 30.0 20.0 30.0 30.0 20.0 10.0 40.0 20.0 30.0 10.0 40.0 40.0 50.0 100.0 220.0 310.0 320.0 290.0 200.0 100.0 60.0 30.0 30.0 20.0 30.0 40.0 40.0 40.0 30.0 30.0 40.0 40.0 30.0 90.0 170.0 290.0 410.0 490.0 370.0 260.0 140.0 70.0 30.0 30.0 30.0 40.0 20.0 20.0 30.0 30.0 20.0 40.0 40.0 50.0 60.0 160.0 280.0 390.0 480.0 350.0 240.0 110.0 50.0 40.0 30.0 30.0 30.0 30.0 40.0 40.0 30.0 30.0 50.0 40.0 30.0 50.0 110.0 230.0 310.0 380.0 350.0 190.0 100.0 60.0 40.0 20.0 30.0 30.0 40.0 30.0 30.0 30.0 10.0 30.0 40.0 40.0 50.0 70.0 130.0 190.0 220.0 170.0 100.0 70.0 50.0 30.0 20.0 20.0 30.0 30.0 30.0 20.0 30.0 30.0 20.0 30.0 30.0 40.0 70.0 60.0 80.0 90.0 100.0 70.0 50.0 40.0 20.0 30.0 50.0 30.0 40.0 30.0 30.0 20.0 20.0 30.0 20.0 30.0 20.0 40.0 40.0 50.0 50.0 70.0 30.0 30.0 20.0 20.0 30.0 20.0 30.0 40.0 50.0 30.0 30.0 30.0 40.0 40.0 20.0 20.0 40.0 40.0 30.0 20.0 30.0 40.0 40.0 30.0 30.0 30.0 20.0 30.0 40.0 30.0 40.0 20.0 20.0 40.0 30.0 30.0 20.0 30.0 20.0 40.0 30.0 40.0 30.0 40.0 40.0 40.0 30.0 30.0 10.0 30.0 30.0 20.0 40.0 30.0 20.0 10.0 40.0 30.0 30.0 30.0 30.0 30.0 50.0 30.0 40.0 40.0 30.0 30.0 20.0 30.0 30.0 30.0 30.0 30.0 30.0 20.0 30.0 20.0 30.0 30.0 30.0 40.0 30.0 40.0 20.0 30.0 30.0 30.0 30.0 30.0 30.0 20.0 40.0 30.0 30.0 30.0 20.0 30.0 20.0 40.0 20.0 30.0 20.0 30.0 30.0 40.0 30.0 30.0 20.0 30.0 20.0 20.0 40.0 40.0 30.0 40.0 30.0 30.0 20.0 30.0 20.0 30.0 20.0 30.0 30.0 30.0 20.0 30.0 20.0 20.0 40.0 30.0 30.0 30.0
14,21,21,1.75,25.0,9,10.0,10.0,10.0,10.0,10.016840882694542,10.015098722415795,51660.0,30.0,10.00197911377827,10.015357308527129,51006.70548452246,29.87240032403143,10.0 30.0 50.0 30.0 30.0 20.0 40.0 30.0 30.0 40.0 20.0 30.0 40.0 40.0 30.0 20.0 30.0 20.0 20.0 20.0 30.0 20.0 40.0 30.0 20.0 10.0 20.0 20.0 20.0 30.0 30.0 30.0 30.0 30.0 20.0 20.0 40.0 30.0 30.0 40.0 20.0 30.0 40.0 30.0 20.0 30.0 30.0 30.0 30.0 20.0 20.0 20.0 30.0 30.0 30.0 30.0 30.0 30.0 20.0 30.0 10.0 20.0 30.0 30.0 20.0 40.0 30.0 30.0 40.0 30.0 30.0 40.0 40.0 40.0 40.0 40.0 30.0 20.0 40.0 40.0 30.0 20.0 40.0 40.0 50.0 30.0 20.0 40.0 20.0 30.0 40.0 40.0 30.0 40.0 30.0 30.0 40.0 20.0 20.0 20.0 30.0 30.0 30.0 40.0 20.0 40.0 50.0 30.0 40.0 40.0 40.0 40.0 40.0 50.0 70.0 70.0 70.0 60.0 40.0 40.0 40.0 20.0 20.0 20.0 20.0 40.0 30.0 30.0 40.0 30.0 40.0 40.0 50.0 70.0 150.0 160.0 220.0 200.0 120.0 70.0 50.0 30.0 20.0 30.0 40.0 40.0 30.0 20.0 40.0 30.0 40.0 30.0 50.0 80.0 170.0 360.0 550.0 630.0 560.0 350.0 170.0 90.0 40.0 40.0 20.0 10.0 10.0 30.0 40.0 30.0 30.0 30.0 30.0 70.0 140.0 350.0 790.0 1180.0 1370.0 1260.0 740.0 330.0 110.0 50.0 20.0 30.0 50.0 20.0 30.0 40.0 20.0 20.0 30.0 40.0 80.0 210.0 560.0 1170.0 1880.0 2270.0 1840.0 1200.0 540.0 210.0 70.0 30.0 40.0 40.0 30.0 30.0 20.0 50.0 30.0 30.0 30.0 100.0 260.0 640.0 1380.0 2240.0 2570.0 2280.0 1390.0 670.0 260.0 90.0 50.0 40.0 40.0 20.0 30.0 10.0 10.0 20.0 30.0 30.0 70.0 200.0 530.0 1140.0 1870.0 2270.0 1970.0 1210.0 560.0 210.0 80.0 40.0 30.0 40.0 40.0 40.0 30.0 30.0 30.0 20.0 20.0 60.0 140.0 390.0 760.0 1170.0 1400.0 1210.0 730.0 370.0 120.0 50.0 50.0 30.0 20.0 30.0 30.0 30.0 40.0 20.0 30.0 30.0 40.0 60.0 200.0 380.0 590.0 670.0 530.0 370.0 180.0 100.0 50.0 30.0 20.0 30.0 50.0 30.0 30.0 20.0 20.0 30.0 30.0 40.0 50.0 80.0 150.0 190.0 230.0 220.0 130.0 60.0 50.0 30.0 30.0 50.0 20.0 40.0 50.0 20.0 30.0 30.0 20.0 40.0 40.0 40.0 40.0 60.0 50.0 80.0 80.0 50.0 50.0 40.0 20.0 30.0 20.0 30.0 30.0 20.0 50.0 30.0 20.0 30.0 20.0 30.0 30.0 40.0 40.0 30.0 40.0 40.0 30.0 30.0 20.0 30.0 50.0 40.0 30.0 20.0 40.0 30.0 20.0 30.0 40.0 30.0 40.0 20.0 30.0 30.0 20.0 50.0 20.0 30.0 40.0 30.0 30.0 20.0 60.0 30.0 40.0 30.0 20.0 30.0 40.0 30.0 20.0 30.0 20.0 30.0 30.0 30.0 30.0 20.0 20.0 30.0 40.0 30.0 30.0 30.0 20.0 40.0 40.0 20.0 30.0 30.0 40.0 30.0 30.0 20.0 30.0 30.0 30.0 30.0 40.0 30.0 30.0 30.0 30.0 20.0 30.0 30.0 40.0 30.0 30.0 40.0 40.0 30.0 20.0 30.0 30.0 30.0 40.0 40.0 20.0 20.0 30.0 30.0 40.0 30.0 30.0 30.0 30.0 20.0 30.0
15,21,21,1.75,25.0,9,10.15,9.925,10.15,9.925,10.134577985219758,9.922598210812913,51420.0,30.0,10.143192362321168,9.91501183986854,50454.3604466737,31.17907392073635,40.0 30.0 30.0 20.0 40.0 30.0 30.0 30.0 20.0 40.0 40.0 30.0 30.0 40.0 20.0 20.0 40.0 20.0 30.0 20.0 30.0 30.0 40.0 40.0 30.0 20.0 30.0 30.0 40.0 30.0 20.0 30.0 30.0 30.0 30.0 40.0 30.0 30.0 30.0 30.0 40.0 30.0 30.0 20.0 40.0 30.0 40.0 20.0 40.0 20.0 40.0 30.0 30.0 10.0 20.0 30.0 50.0 40.0 30.0 40.0 40.0 20.0 40.0 20.0 40.0 30.0 30.0 30.0 40.0 30.0 20.0 30.0 40.0 40.0 50.0 30.0 20.0 30.0 30.0 30.0 20.0 20.0 20.0 30.0 20.0 30.0 30.0 30.0 20.0 30.0 30.0 40.0 40.0 40.0 40.0 30.0 30.0 50.0 20.0 40.0 20.0 30.0 30.0 30.0 30.0 40.0 30.0 30.0 40.0 40.0 40.0 30.0 40.0 60.0 80.0 70.0 80.0 70.0 40.0 50.0 30.0 30.0 50.0 10.0 30.0 20.0 20.0 20.0 30.0 30.0 20.0 40.0 30.0 60.0 130.0 230.0 260.0 240.0 160.0 100.0 30.0 60.0 50.0 40.0 30.0 40.0 30.0 20.0 40.0 20.0 30.0 40.0 30.0 80.0 170.0 350.0 580.0 700.0 590.0 390.0 210.0 90.0 40.0 40.0 40.0 10.0 40.0 30.0 20.0 40.0 30.0 30.0 30.0 50.0 140.0 330.0 730.0 1160.0 1420.0 1320.0 870.0 410.0 150.0 70.0 40.0 30.0 30.0 20.0 20.0 30.0 30.0 30.0 40.0 30.0 60.0 180.0 490.0 1130.0 1830.0 2270.0 2050.0 1360.0 630.0 200.0 80.0 40.0 30.0 40.0 20.0 50.0 20.0 30.0 50.0 40.0 60.0 70.0 230.0 560.0 1220.0 2140.0 2630.0 2250.0 1600.0 710.0 280.0 100.0 40.0 20.0 30.0 30.0 30.0 30.0 30.0 50.0 30.0 40.0 70.0 170.0 480.0 1050.0 1690.0 2120.0 1940.0 1250.0 610.0 250.0 80.0 40.0 20.0 30.0 30.0 40.0 50.0 30.0 30.0 40.0 40.0 50.0 90.0 300.0 640.0 1060.0 1270.0 1140.0 770.0 380.0 140.0 50.0 50.0 40.0 20.0 20.0 30.0 30.0 40.0 40.0 30.0 30.0 30.0 70.0 160.0 320.0 500.0 570.0 540.0 340.0 170.0 100.0 40.0 30.0 40.0 30.0 30.0 30.0 20.0 30.0 40.0 40.0 20.0 40.0 30.0 70.0 120.0 160.0 210.0 200.0 170.0 110.0 40.0 30.0 30.0 30.0 30.0 30.0 40.0 20.0 30.0 50.0 20.0 30.0 20.0 40.0 40.0 50.0 60.0 80.0 70.0 70.0 40.0 50.0 30.0 30.0 50.0 30.0 20.0 20.0 50.0 40.0 20.0 40.0 20.0 30.0 30.0 50.0 40.0 30.0 50.0 40.0 30.0 40.0 40.0 30.0 40.0 20.0 30.0 30.0 10.0 40.0 30.0 30.0 20.0 20.0 30.0 30.0 40.0 30.0 20.0 40.0 30.0 30.0 20.0 40.0 20.0 30.0 20.0 30.0 20.0 20.0 30.0 20.0 20.0 30.0 30.0 40.0 30.0 40.0 20.0 30.0 40.0 40.0 20.0 20.0 30.0 40.0 40.0 20.0 30.0 40.0 30.0 30.0 50.0 20.0 30.0 20.0 30.0 30.0 40.0 30.0 40.0 30.0 30.0 30.0 20.0 30.0 40.0 40.0 40.0 20.0 40.0 30.0 30.0 30.0 30.0 40.0 20.0 20.0 30.0 20.0 40.0 30.0 30.0 40.0 30.0 20.0 40.0 30.0 40.0 20.0 30.0 20.0 30.0
16,21,21,1.75,25.0,9,10.3,9.85,10.3,9.85,10.294822256568779,9.847179289026275,51760.0,30.0,10.307112638698168,9.844253611458123,51148.23129033356,29.921818094961864,40.0 40.0 40.0 20.0 30.0 30.0 40.0 40.0 40.0 30.0 40.0 20.0 30.0 20.0 30.0 30.0 40.0 30.0 30.0 30.0 30.0 30.0 40.0 40.0 20.0 40.0 40.0 30.0 50.0 30.0 30.0 40.0 50.0 30.0 30.0 30.0 40.0 30.0 30.0 30.0 30.0 30.0 40.0 20.0 30.0 40.0 40.0 20.0 20.0 30.0 40.0 30.0 20.0 20.0 30.0 30.0 30.0 30.0 20.0 30.0 20.0 30.0 30.0 30.0 40.0 40.0 30.0 30.0 30.0 10.0 20.0 30.0 30.0 30.0 40.0 40.0 30.0 20.0 30.0 30.0 20.0 20.0 40.0 30.0 40.0 30.0 20.0 30.0 30.0 20.0 30.0 30.0 30.0 40.0 50.0 30.0 40.0 30.0 20.0 30.0 30.0 40.0 30.0 30.0 20.0 40.0 30.0 30.0 20.0 20.0 10.0 40.0 40.0 70.0 70.0 80.0 100.0 70.0 30.0 30.0 30.0 20.0 40.0 20.0 30.0 20.0 30.0 40.0 50.0 20.0 20.0 40.0 50.0 90.0 120.0 230.0 250.0 230.0 180.0 100.0 60.0 30.0 40.0 20.0 30.0 30.0 40.0 20.0 30.0 30.0 30.0 30.0 50.0 80.0 170.0 340.0 580.0 740.0 720.0 490.0 240.0 100.0 60.0 30.0 20.0 30.0 20.0 30.0 40.0 30.0 30.0 20.0 40.0 40.0 100.0 310.0 670.0 1270.0 1490.0 1440.0 1000.0 510.0 190.0 80.0 50.0 50.0 40.0 30.0 40.0 40.0 20.0 30.0 30.0 40.0 50.0 150.0 460.0 980.0 1790.0 2320.0 2190.0 1500.0 730.0 320.0 90.0 40.0 30.0 30.0 30.0 30.0 50.0 40.0 40.0 30.0 40.0 70.0 170.0 460.0 1160.0 1990.0 2550.0 2460.0 1640.0 860.0 320.0 90.0 50.0 40.0 30.0 30.0 30.0 10.0 30.0 20.0 40.0 40.0 50.0 120.0 360.0 940.0 1540.0 2020.0 1990.0 1320.0 710.0 270.0 110.0 50.0 40.0 40.0 20.0 40.0 30.0 40.0 40.0 40.0 30.0 50.0 100.0 250.0 550.0 1010.0 1220.0 1170.0 820.0 400.0 180.0 70.0 40.0 10.0 30.0 20.0 40.0 40.0 30.0 30.0 20.0 20.0 30.0 70.0 130.0 290.0 440.0 580.0 490.0 390.0 210.0 110.0 60.0 30.0 30.0 30.0 30.0 20.0 30.0 30.0 30.0 30.0 30.0 40.0 30.0 60.0 110.0 160.0 180.0 200.0 130.0 80.0 60.0 30.0 40.0 30.0 30.0 30.0 30.0 30.0 30.0 20.0 30.0 30.0 30.0 20.0 30.0 50.0 80.0 70.0 60.0 60.0 40.0 40.0 40.0 30.0 20.0 30.0 30.0 30.0 40.0 20.0 30.0 30.0 30.0 40.0 30.0 30.0 30.0 30.0 30.0 30.0 40.0 40.0 40.0 20.0 40.0 20.0 20.0 30.0 20.0 30.0 30.0 30.0 20.0 40.0 20.0 40.0 30.0 20.0 40.0 30.0 40.0 30.0 40.0 20.0 40.0 30.0 30.0 30.0 30.0 10.0 30.0 20.0 30.0 20.0 20.0 40.0 30.0 30.0 30.0 30.0 20.0 40.0 20.0 30.0 20.0 20.0 20.0 40.0 20.0 50.0 20.0 30.0 20.0 30.0 20.0 20.0 40.0 40.0 30.0 40.0 30.0 20.0 30.0 20.0 30.0 20.0 30.0 20.0 50.0 30.0 30.0 30.0 30.0 30.0 40.0 20.0 20.0 40.0 40.0 30.0 20.0 30.0 20.0 30.0 30.0 40.0 30.0 30.0 30.0 40.0 20.0 30.0 20.0
17,21,21,1.75,25.0,9,10.45,9.775,10.45,9.775,10.427591612776798,9.776797961983148,51030.0,30.0,10.44034388436424,9.765332629833845,50315.58783878178,30.455462175301165,20.0 30.0 40.0 40.0 40.0 20.0 40.0 40.0 40.0 30.0 40.0 30.0 30.0 20.0 50.0 10.0 40.0 30.0 40.0 30.0 40.0 40.0 40.0 40.0 30.0 30.0 20.0 30.0 40.0 20.0 30.0 40.0 10.0 40.0 30.0 30.0 30.0 20.0 30.0 40.0 30.0 20.0 30.0 30.0 40.0 30.0 30.0 20.0 20.0 40.0 30.0 30.0 30.0 30.0 30.0 40.0 20.0 40.0 40.0 20.0 20.0 30.0 30.0 40.0 20.0 20.0 30.0 30.0 30.0 30.0 20.0 30.0 30.0 30.0 30.0 20.0 20.0 30.0 30.0 30.0 30.0 20.0 40.0 40.0 30.0 20.0 20.0 20.0 40.0 30.0 30.0 30.0 50.0 40.0 40.0 50.0 50.0 40.0 40.0 30.0 30.0 30.0 40.0 20.0 30.0 30.0 40.0 30.0 30.0 30.0 30.0 30.0 70.0 60.0 100.0 90.0 100.0 80.0 50.0 40.0 40.0 30.0 30.0 30.0 10.0 30.0 10.0 30.0 40.0 40.0 20.0 40.0 40.0 60.0 100.0 230.0 310.0 310.0 230.0 140.0 60.0 50.0 30.0 30.0 40.0 30.0 30.0 30.0 30.0 30.0 20.0 30.0 40.0 50.0 140.0 330.0 580.0 740.0 740.0 520.0 280.0 120.0 60.0 50.0 40.0 30.0 30.0 40.0 20.0 20.0 30.0 40.0 30.0 50.0 110.0 280.0 660.0 1140.0 1600.0 1550.0 1070.0 590.0 200.0 90.0 30.0 20.0 20.0 30.0 30.0 30.0 40.0 10.0 30.0 20.0 60.0 130.0 370.0 920.0 1630.0 2330.0 2270.0 1650.0 820.0 310.0 110.0 50.0 40.0 20.0 30.0 30.0 30.0 20.0 40.0 40.0 40.0 60.0 130.0 390.0 980.0 1790.0 2560.0 2340.0 1700.0 930.0 390.0 100.0 50.0 40.0 30.0 30.0 30.0 30.0 30.0 30.0 30.0 30.0 50.0 110.0 340.0 760.0 1460.0 1990.0 1950.0 1380.0 720.0 300.0 110.0 50.0 30.0 20.0 30.0 20.0 30.0 30.0 40.0 40.0 30.0 40.0 90.0 200.0 490.0 860.0 1160.0 1150.0 830.0 410.0 180.0 60.0 30.0 40.0 20.0 30.0 30.0 40.0 30.0 40.0 30.0 30.0 20.0 60.0 100.0 230.0 410.0 450.0 520.0 380.0 200.0 100.0 60.0 40.0 30.0 20.0 30.0 20.0 30.0 30.0 30.0 30.0 40.0 30.0 40.0 50.0 90.0 140.0 170.0 160.0 140.0 110.0 40.0 30.0 40.0 30.0 20.0 20.0 40.0 30.0 30.0 20.0 30.0 40.0 20.0 40.0 30.0 50.0 50.0 60.0 70.0 50.0 50.0 60.0 30.0 30.0 40.0 30.0 30.0 40.0 30.0 40.0 40.0 30.0 40.0 20.0 30.0 40.0 40.0 40.0 50.0 20.0 30.0 40.0 40.0 30.0 30.0 40.0 30.0 20.0 30.0 20.0 30.0 20.0 40.0 30.0 30.0 50.0 30.0 30.0 20.0 30.0 30.0 40.0 30.0 30.0 20.0 40.0 40.0 30.0 40.0 20.0 40.0 20.0 30.0 30.0 40.0 30.0 30.0 30.0 20.0 40.0 40.0 30.0 30.0 40.0 30.0 30.0 20.0 30.0 30.0 40.0 30.0 20.0 30.0 30.0 30.0 20.0 20.0 20.0 40.0 20.0 20.0 20.0 30.0 30.0 30.0 40.0 40.0 30.0 30.0 30.0 30.0 40.0 30.0 30.0 40.0 30.0 30.0 30.0 30.0 40.0 20.0 30.0 30.0 40.0 30.0 30.0 40.0 30.0 30.0 40.0 20.0 30.0 30.0
18,21,21,1.75,25.0,9,10.6,9.7,10.6,9.7,10.59819855100842,9.70354415508126,51070.0,30.0,10.603971679482129,9.69911931843306,50283.296298866306,30.738817919176554,40.0 20.0 30.0 20.0 30.0 30.0 20.0 40.0 30.0 20.0 40.0 20.0 20.0 40.0 30.0 30.0 40.0 30.0 30.0 20.0 20.0 20.0 40.0 40.0 40.0 30.0 30.0 40.0 30.0 30.0 40.0 40.0 30.0 30.0 30.0 30.0 20.0 30.0 20.0 40.0 30.0 40.0 40.0 30.0 40.0 40.0 20.0 40.0 30.0 30.0 40.0 30.0 40.0 20.0 30.0 30.0 40.0 20.0 40.0 20.0 30.0 30.0 30.0 30.0 30.0 30.0 30.0 40.0 40.0 40.0 30.0 30.0 40.0 30.0 30.0 30.0 50.0 30.0 30.0 30.0 30.0 30.0 30.0 30.0 30.0 40.0 20.0 40.0 40.0 30.0 40.0 40.0 30.0 40.0 50.0 40.0 40.0 30.0 40.0 40.0 30.0 30.0 20.0 40.0 30.0 30.0 30.0 20.0 40.0 20.0 20.0 40.0 30.0 50.0 90.0 100.0 110.0 90.0 70.0 40.0 50.0 30.0 40.0 20.0 40.0 20.0 20.0 40.0 40.0 30.0 20.0 40.0 40.0 70.0 120.0 220.0 310.0 350.0 250.0 130.0 70.0 30.0 40.0 20.0 20.0 20.0 30.0 50.0 30.0 30.0 20.0 20.0 40.0 50.0 120.0 280.0 530.0 810.0 770.0 600.0 340.0 180.0 70.0 30.0 30.0 40.0 30.0 20.0 30.0 20.0 40.0 30.0 40.0 60.0 90.0 250.0 560.0 1180.0 1580.0 1510.0 1200.0 690.0 320.0 100.0 40.0 30.0 30.0 30.0 40.0 30.0 30.0 30.0 20.0 30.0 50.0 100.0 320.0 790.0 1600.0 2240.0 2360.0 1810.0 1000.0 390.0 160.0 40.0 20.0 30.0 40.0 30.0 40.0 30.0 20.0 30.0 40.0 30.0 130.0 330.0 920.0 1680.0 2380.0 2450.0 1850.0 1030.0 410.0 160.0 60.0 30.0 20.0 30.0 40.0 30.0 40.0 30.0 30.0 30.0 50.0 110.0 320.0 690.0 1350.0 1880.0 1910.0 1420.0 860.0 350.0 120.0 40.0 30.0 30.0 40.0 20.0 40.0 20.0 20.0 40.0 20.0 40.0 70.0 160.0 410.0 750.0 1100.0 1070.0 790.0 480.0 200.0 80.0 40.0 40.0 30.0 30.0 20.0 30.0 30.0 30.0 30.0 30.0 30.0 60.0 100.0 200.0 330.0 410.0 520.0 370.0 210.0 110.0 50.0 40.0 40.0 20.0 20.0 30.0 20.0 20.0 30.0 50.0 20.0 30.0 30.0 40.0 60.0 130.0 140.0 150.0 140.0 80.0 40.0 40.0 40.0 20.0 20.0 30.0 40.0 20.0 20.0 50.0 20.0 40.0 40.0 30.0 30.0 20.0 40.0 60.0 70.0 60.0 40.0 30.0 30.0 30.0 40.0 40.0 40.0 50.0 10.0 30.0 30.0 30.0 30.0 30.0 20.0 30.0 30.0 30.0 20.0 40.0 40.0 30.0 20.0 30.0 30.0 30.0 30.0 20.0 20.0 20.0 30.0 20.0 40.0 20.0 40.0 30.0 30.0 30.0 30.0 20.0 50.0 30.0 40.0 40.0 20.0 30.0 20.0 20.0 40.0 40.0 40.0 30.0 30.0 40.0 30.0 40.0 30.0 30.0 30.0 40.0 30.0 40.0 30.0 40.0 30.0 20.0 20.0 40.0 20.0 30.0 30.0 30.0 20.0 40.0 40.0 20.0 30.0 40.0 40.0 30.0 30.0 30.0 40.0 30.0 20.0 40.0 30.0 30.0 40.0 30.0 20.0 30.0 20.0 40.0 40.0 50.0 40.0 30.0 30.0 40.0 20.0 30.0 30.0 30.0 40.0 30.0 40.0 40.0 10.0 20.0 30.0 30.0 30.0
19,21,21,1.75,25.0,9,10.75,9.625,10.75,9.625,10.763880771478668,9.624001558542762,51330.0,30.0,10.757336285200285,9.622209428488194,50788.95212517291,29.367682167617907,30.0 30.0 30.0 40.0 20.0 40.0 30.0 30.0 40.0 30.0 40.0 30.0 20.0 30.0 40.0 40.0 20.0 30.0 30.0 30.0 30.0 20.0 30.0 30.0 30.0 30.0 40.0 20.0 40.0 40.0 30.0 30.0 30.0 30.0 20.0 20.0 20.0 30.0 30.0 30.0 20.0 30.0 30.0 40.0 20.0 40.0 40.0 30.0 30.0 30.0 30.0 40.0 20.0 30.0 40.0 20.0 30.0 30.0 30.0 30.0 20.0 20.0 30.0 10.0 30.0 20.0 30.0 40.0 50.0 40.0 30.0 30.0 20.0 10.0 20.0 30.0 30.0 30.0 40.0 30.0 40.0 30.0 30.0 10.0 50.0 30.0 20.0 20.0 40.0 30.0 20.0 20.0 30.0 60.0 50.0 50.0 40.0 40.0 30.0 20.0 40.0 30.0 30.0 20.0 50.0 20.0 10.0 30.0 30.0 20.0 30.0 20.0 50.0 50.0 90.0 120.0 100.0 100.0 60.0 50.0 30.0 20.0 40.0 30.0 30.0 30.0 30.0 30.0 40.0 30.0 20.0 20.0 50.0 60.0 110.0 230.0 300.0 370.0 280.0 170.0 90.0 70.0 30.0 20.0 50.0 40.0 30.0 30.0 30.0 40.0 10.0 40.0 50.0 60.0 140.0 290.0 540.0 810.0 940.0 710.0 410.0 200.0 70.0 30.0 40.0 40.0 30.0 20.0 20.0 30.0 30.0 30.0 40.0 40.0 90.0 200.0 540.0 1110.0 1540.0 1660.0 1300.0 800.0 350.0 130.0 70.0 30.0 30.0 30.0 40.0 20.0 40.0 30.0 10.0 20.0 40.0 90.0 250.0 760.0 1560.0 2190.0 2450.0 1910.0 1100.0 470.0 170.0 70.0 40.0 30.0 20.0 30.0 30.0 30.0 40.0 40.0 30.0 50.0 110.0 300.0 800.0 1560.0 2380.0 2580.0 1990.0 1150.0 510.0 170.0 50.0 40.0 20.0 40.0 40.0 30.0 30.0 30.0 40.0 30.0 30.0 70.0 220.0 570.0 1270.0 1690.0 1820.0 1490.0 910.0 380.0 120.0 60.0 30.0 40.0 30.0 30.0 20.0 40.0 30.0 30.0 20.0 30.0 70.0 130.0 350.0 610.0 1000.0 1050.0 820.0 490.0 250.0 110.0 50.0 20.0 20.0 20.0 20.0 30.0 20.0 30.0 20.0 30.0 20.0 40.0 70.0 140.0 300.0 440.0 440.0 380.0 260.0 110.0 50.0 30.0 30.0 10.0 20.0 40.0 30.0 30.0 20.0 30.0 20.0 30.0 30.0 50.0 80.0 90.0 150.0 160.0 150.0 80.0 50.0 30.0 30.0 30.0 30.0 30.0 30.0 30.0 30.0 20.0 20.0 30.0 30.0 40.0 30.0 50.0 40.0 40.0 50.0 70.0 30.0 30.0 30.0 40.0 30.0 40.0 20.0 40.0 30.0 30.0 30.0 20.0 40.0 30.0 20.0 50.0 30.0 30.0 30.0 30.0 30.0 20.0 40.0 30.0 30.0 40.0 20.0 40.0 40.0 30.0 30.0 30.0 30.0 30.0 30.0 20.0 30.0 40.0 30.0 40.0 20.0 30.0 20.0 20.0 30.0 20.0 30.0 20.0 30.0 30.0 20.0 40.0 30.0 30.0 30.0 30.0 40.0 20.0 20.0 30.0 30.0 30.0 50.0 30.0 30.0 20.0 30.0 30.0 20.0 40.0 20.0 20.0 30.0 10.0 40.0 20.0 20.0 20.0 40.0 20.0 50.0 30.0 30.0 20.0 40.0 30.0 30.0 10.0 20.0 40.0 30.0 40.0 30.0 40.0 30.0 30.0 30.0 40.0 30.0 20.0 30.0 40.0 20.0 30.0 30.0 40.0 30.0 40.0 30.0 30.0 40.0 20.0 30.0
20,21,21,1.75,25.0,9,10.9,9.55,10.9,9.55,10.901030526929807,9.537429515846782,51430.0,30.0,10.91202855321621,9.54590647335155,50928.563450003254,29.340979531928696,30.0 50.0 30.0 30.0 40.0 40.0 30.0 30.0 30.0 50.0 20.0 40.0 20.0 40.0 40.0 40.0 20.0 30.0 30.0 20.0 40.0 30.0 30.0 30.0 30.0 30.0 30.0 20.0 30.0 20.0 40.0 40.0 20.0 30.0 30.0 20.0 30.0 40.0 20.0 30.0 40.0 30.0 40.0 30.0 30.0 40.0 50.0 40.0 20.0 40.0 30.0 50.0 40.0 30.0 30.0 30.0 40.0 40.0 30.0 30.0 30.0 30.0 30.0 20.0 40.0 30.0 30.0 40.0 40.0 30.0 30.0 40.0 30.0 40.0 30.0 30.0 30.0 30.0 30.0 30.0 20.0 30.0 40.0 40.0 30.0 20.0 30.0 40.0 20.0 30.0 20.0 40.0 40.0 60.0 60.0 30.0 40.0 40.0 40.0 30.0 10.0 30.0 30.0 20.0 30.0 30.0 40.0 20.0 20.0 20.0 50.0 40.0 40.0 70.0 70.0 80.0 130.0 110.0 80.0 40.0 60.0 30.0 20.0 50.0 40.0 40.0 30.0 40.0 30.0 20.0 30.0 30.0 50.0 50.0 110.0 250.0 360.0 350.0 320.0 220.0 110.0 50.0 20.0 30.0 30.0 40.0 20.0 30.0 30.0 30.0 40.0 40.0 30.0 50.0 100.0 280.0 570.0 880.0 980.0 790.0 500.0 230.0 80.0 40.0 30.0 30.0 30.0 20.0 30.0 40.0 20.0 30.0 20.0 30.0 60.0 200.0 470.0 1040.0 1520.0 1720.0 1420.0 900.0 420.0 160.0 60.0 40.0 30.0 10.0 30.0 20.0 30.0 30.0 20.0 20.0 30.0 80.0 240.0 640.0 1440.0 2220.0 2460.0 2030.0 1240.0 580.0 230.0 80.0 30.0 30.0 40.0 20.0 20.0 30.0 10.0 40.0 10.0 30.0 80.0 250.0 680.0 1450.0 2220.0 2560.0 2060.0 1260.0 610.0 200.0 70.0 30.0 30.0 30.0 30.0 20.0 30.0 50.0 40.0 40.0 50.0 80.0 180.0 490.0 1120.0 1660.0 1910.0 1540.0 900.0 430.0 180.0 70.0 30.0 30.0 20.0 30.0 40.0 20.0 40.0 20.0 20.0 10.0 30.0 120.0 280.0 570.0 890.0 1050.0 820.0 530.0 250.0 100.0 50.0 40.0 20.0 30.0 30.0 40.0 20.0 20.0 30.0 30.0 40.0 50.0 50.0 120.0 230.0 350.0 390.0 390.0 230.0 130.0 80.0 30.0 40.0 20.0 30.0 20.0 30.0 30.0 10.0 40.0 30.0 30.0 20.0 50.0 50.0 70.0 130.0 140.0 130.0 80.0 40.0 50.0 20.0 20.0 20.0 50.0 20.0 30.0 30.0 10.0 30.0 40.0 20.0 30.0 40.0 40.0 50.0 40.0 50.0 40.0 50.0 30.0 30.0 20.0 30.0 30.0 30.0 20.0 30.0 10.0 20.0 30.0 20.0 20.0 30.0 30.0 20.0 30.0 30.0 30.0 30.0 30.0 30.0 20.0 30.0 20.0 40.0 30.0 30.0 30.0 20.0 30.0 20.0 30.0 20.0 30.0 30.0 30.0 40.0 30.0 30.0 20.0 30.0 40.0 20.0 30.0 40.0 30.0 20.0 30.0 30.0 40.0 40.0 40.0 40.0 20.0 30.0 30.0 40.0 30.0 30.0 50.0 20.0 30.0 20.0 30.0 10.0 30.0 30.0 30.0 20.0 30.0 40.0 30.0 30.0 40.0 40.0 40.0 30.0 30.0 30.0 10.0 20.0 20.0 30.0 20.0 40.0 30.0 30.0 40.0 30.0 30.0 30.0 30.0 30.0 20.0 40.0 30.0 40.0 30.0 30.0 40.0 30.0 30.0 40.0 20.0 40.0 30.0 20.0 30.0 30.0 40.0 20.0
21,21,21,1.75,25.0,9,10.0,10.0,10.0,10.0,10.004014948739963,9.999861118125347,792040.0,30.0,10.003064710502164,10.000200654950284,791855.9051435145,29.706990767585225,20.0 30.0 40.0 30.0 30.0 30.0 40.0 30.0 30.0 30.0 30.0 20.0 50.0 30.0 20.0 40.0 20.0 30.0 30.0 30.0 30.0 30.0 30.0 30.0 30.0 40.0 30.0 30.0 30.0 40.0 40.0 20.0 40.0 20.0 30.0 20.0 30.0 30.0 30.0 30.0 30.0 40.0 30.0 20.0 30.0 20.0 30.0 40.0 30.0 40.0 30.0 40.0 20.0 10.0 40.0 20.0 30.0 40.0 40.0 40.0 30.0 30.0 30.0 30.0 20.0 30.0 30.0 30.0 30.0 30.0 30.0 40.0 40.0 50.0 40.0 20.0 40.0 30.0 40.0 20.0 40.0 20.0 30.0 30.0 30.0 40.0 30.0 20.0 30.0 30.0 30.0 40.0 100.0 130.0 160.0 140.0 110.0 50.0 50.0 30.0 30.0 40.0 20.0 30.0 30.0 20.0 20.0 30.0 40.0 40.0 40.0 100.0 230.0 410.0 660.0 740.0 700.0 440.0 220.0 100.0 50.0 40.0 40.0 40.0 30.0 40.0 40.0 30.0 30.0 30.0 30.0 90.0 270.0 790.0 1670.0 2770.0 3090.0 2740.0 1680.0 790.0 270.0 90.0 40.0 40.0 40.0 30.0 30.0 30.0 30.0 20.0 30.0 60.0 200.0 790.0 2330.0 5120.0 8120.0 9530.0 8250.0 5090.0 2290.0 810.0 230.0 90.0 30.0 40.0 30.0 30.0 30.0 40.0 30.0 40.0 80.0 410.0 1710.0 5200.0 11160.0 18380.0 21250.0 17830.0 11330.0 5170.0 1750.0 460.0 90.0 50.0 30.0 20.0 30.0 30.0 40.0 40.0 50.0 160.0 680.0 2640.0 8330.0 18120.0 29280.0 34250.0 29180.0 18190.0 8190.0 2710.0 670.0 160.0 40.0 30.0 30.0 30.0 40.0 20.0 30.0 50.0 150.0 790.0 3160.0 9520.0 21110.0 33910.0 39950.0 34360.0 21160.0 9550.0 3160.0 840.0 180.0 50.0 40.0 30.0 30.0 20.0 20.0 40.0 50.0 150.0 680.0 2710.0 8270.0 18230.0 29040.0 34100.0 29090.0 18290.0 8190.0 2760.0 710.0 170.0 40.0 40.0 30.0 30.0 40.0 30.0 20.0 30.0 80.0 470.0 1750.0 5150.0 11280.0 18270.0 21160.0 17970.0 11250.0 5120.0 1760.0 440.0 90.0 50.0 30.0 30.0 30.0 20.0 30.0 30.0 30.0 60.0 200.0 750.0 2260.0 5220.0 8220.0 9450.0 8170.0 5150.0 2440.0 800.0 210.0 70.0 50.0 20.0 30.0 50.0 40.0 20.0 40.0 20.0 20.0 90.0 270.0 780.0 1650.0 2800.0 3160.0 2670.0 1660.0 810.0 270.0 80.0 40.0 30.0 40.0 40.0 40.0 30.0 20.0 20.0 10.0 30.0 50.0 80.0 240.0 430.0 680.0 820.0 710.0 430.0 180.0 80.0 50.0 40.0 40.0 30.0 30.0 30.0 30.0 30.0 20.0 30.0 30.0 30.0 10.0 50.0 100.0 140.0 160.0 140.0 100.0 70.0 40.0 20.0 30.0 50.0 20.0 20.0 30.0 20.0 30.0 40.0 30.0 30.0 40.0 20.0 30.0 40.0 40.0 40.0 30.0 30.0 40.0 30.0 40.0 10.0 30.0 50.0 20.0 40.0 30.0 20.0 30.0 30.0 20.0 20.0 20.0 20.0 30.0 30.0 40.0 20.0 30.0 30.0 10.0 30.0 30.0 20.0 30.0 20.0 30.0 30.0 40.0 30.0 30.0 10.0 30.0 30.0 20.0 30.0 40.0 20.0 20.0 40.0 30.0 30.0 30.0 30.0 30.0 40.0 30.0 20.0 30.0 20.0 30.0 20.0 30.0 40.0 40.0 40.0 20.0 30.0 20.0 30.0 40.0 20.0 40.0 20.0 40.0 30.0 30.0 40.0 30.0
22,21,21,1.75,25.0,9,10.15,9.925,10.15,9.925,10.148072971167059,9.926940581701736,793190.0,30.0,10.149153769689441,9.927264000339068,792641.7818125574,30.161536532292967,40.0 20.0 40.0 20.0 30.0 40.0 20.0 20.0 10.0 30.0 30.0 20.0 40.0 30.0 30.0 40.0 30.0 40.0 50.0 30.0 30.0 30.0 30.0 30.0 20.0 40.0 40.0 20.0 30.0 40.0 50.0 20.0 20.0 20.0 30.0 20.0 20.0 40.0 40.0 30.0 30.0 30.0 30.0 20.0 40.0 30.0 10.0 30.0 30.0 30.0 30.0 40.0 30.0 30.0 40.0 30.0 40.0 20.0 40.0 40.0 30.0 30.0 30.0 20.0 40.0 30.0 30.0 30.0 20.0 50.0 30.0 50.0 40.0 40.0 50.0 50.0 40.0 40.0 40.0 30.0 30.0 30.0 20.0 20.0 30.0 40.0 20.0 30.0 30.0 20.0 40.0 50.0 110.0 140.0 180.0 170.0 110.0 70.0 50.0 20.0 30.0 20.0 30.0 30.0 50.0 40.0 30.0 30.0 50.0 40.0 50.0 70.0 200.0 430.0 750.0 860.0 830.0 510.0 260.0 90.0 50.0 50.0 20.0 30.0 40.0 30.0 20.0 30.0 40.0 40.0 30.0 90.0 240.0 750.0 1660.0 2770.0 3450.0 3170.0 2070.0 980.0 370.0 110.0 40.0 40.0 30.0 10.0 30.0 30.0 30.0 40.0 40.0 60.0 180.0 660.0 2240.0 4890.0 8330.0 10270.0 9270.0 5950.0 2910.0 990.0 260.0 80.0 40.0 20.0 20.0 40.0 30.0 20.0 20.0 20.0 100.0 360.0 1500.0 4640.0 10660.0 18050.0 22320.0 20070.0 12950.0 6140.0 2080.0 600.0 130.0 50.0 40.0 20.0 30.0 20.0 30.0 40.0 40.0 100.0 540.0 2270.0 7350.0 16910.0 28300.0 34450.0 31150.0 20260.0 9420.0 3320.0 860.0 170.0 40.0 40.0 20.0 30.0 30.0 20.0 40.0 40.0 150.0 630.0 2590.0 8280.0 19210.0 32700.0 39690.0 35650.0 23330.0 11110.0 3810.0 1020.0 210.0 60.0 30.0 30.0 20.0 40.0 50.0 30.0 40.0 110.0 540.0 2200.0 7090.0 15950.0 27150.0 33330.0 30090.0 19600.0 9330.0 3130.0 840.0 180.0 40.0 30.0 40.0 40.0 30.0 20.0 30.0 40.0 80.0 310.0 1350.0 4200.0 9750.0 16470.0 20310.0 18020.0 11600.0 5630.0 1910.0 500.0 90.0 50.0 20.0 20.0 40.0 30.0 30.0 30.0 30.0 60.0 140.0 630.0 1820.0 4430.0 7180.0 8770.0 7940.0 5380.0 2440.0 910.0 230.0 70.0 40.0 30.0 30.0 30.0 30.0 20.0 30.0 40.0 40.0 80.0 240.0 610.0 1370.0 2390.0 2930.0 2610.0 1740.0 800.0 270.0 100.0 40.0 20.0 30.0 30.0 20.0 30.0 30.0 40.0 50.0 30.0 40.0 80.0 150.0 360.0 590.0 690.0 660.0 410.0 220.0 90.0 60.0 40.0 40.0 30.0 20.0 30.0 20.0 30.0 30.0 40.0 30.0 30.0 40.0 60.0 90.0 120.0 140.0 140.0 80.0 70.0 30.0 30.0 20.0 30.0 30.0 40.0 30.0 30.0 30.0 30.0 40.0 20.0 30.0 30.0 30.0 50.0 30.0 30.0 50.0 30.0 30.0 40.0 30.0 30.0 30.0 20.0 30.0 40.0 30.0 40.0 30.0 30.0 20.0 20.0 40.0 30.0 50.0 30.0 30.0 30.0 20.0 30.0 30.0 30.0 40.0 30.0 20.0 30.0 30.0 40.0 20.0 20.0 40.0 40.0 40.0 20.0 20.0 30.0 20.0 30.0 20.0 40.0 40.0 40.0 40.0 20.0 20.0 40.0 30.0 20.0 30.0 20.0 30.0 20.0 40.0 30.0 30.0 20.0 30.0 50.0 30.0 30.0 10.0 30.0 20.0 30.0 20.0 20.0 20.0 40.0 30.0
23,21,21,1.75,25.0,9,10.3,9.85,10.3,9.85,10.300511734603846,9.850576016536843,793380.0,30.0,10.300511734603846,9.850576016536843,793380.0,30.0,40.0 30.0 30.0 30.0 50.0 30.0 30.0 30.0 50.0 20.0 40.0 40.0 40.0 30.0 50.0 30.0 30.0 20.0 20.0 40.0 40.0 30.0 30.0 30.0 20.0 40.0 40.0 30.0 20.0 40.0 40.0 30.0 30.0 40.0 30.0 30.0 30.0 40.0 40.0 30.0 40.0 20.0 30.0 20.0 30.0 20.0 30.0 40.0 30.0 20.0 40.0 20.0 30.0 40.0 50.0 30.0 40.0 30.0 40.0 30.0 30.0 30.0 40.0 40.0 30.0 30.0 30.0 20.0 40.0 40.0 30.0 40.0 40.0 50.0 30.0 40.0 40.0 20.0 30.0 10.0 40.0 30.0 40.0 30.0 30.0 30.0 30.0 30.0 30.0 30.0 50.0 60.0 90.0 150.0 190.0 180.0 140.0 90.0 40.0 50.0 30.0 30.0 20.0 20.0 20.0 40.0 30.0 30.0 30.0 20.0 40.0 80.0 190.0 440.0 740.0 940.0 890.0 600.0 330.0 140.0 50.0 40.0 40.0 30.0 30.0 30.0 40.0 30.0 30.0 50.0 40.0 70.0 240.0 670.0 1660.0 3020.0 3860.0 3650.0 2400.0 1280.0 460.0 140.0 50.0 40.0 20.0 30.0 30.0 30.0 30.0 30.0 20.0 50.0 170.0 630.0 1920.0 4790.0 8520.0 10880.0 10160.0 6960.0 3440.0 1270.0 340.0 90.0 30.0 30.0 20.0 40.0 30.0 20.0 20.0 30.0 80.0 280.0 1290.0 4270.0 10050.0 17980.0 23290.0 21440.0 14740.0 7330.0 2660.0 700.0 150.0 40.0 20.0 30.0 20.0 20.0 30.0 20.0 40.0 90.0 410.0 1950.0 6350.0 15490.0 27290.0 35320.0 33190.0 22830.0 11330.0 4040.0 1090.0 250.0 50.0 20.0 30.0 20.0 30.0 20.0 30.0 50.0 100.0 490.0 2080.0 7040.0 17090.0 30290.0 39650.0 36930.0 25360.0 12690.0 4530.0 1250.0 250.0 50.0 20.0 30.0 30.0 30.0 30.0 30.0 40.0 90.0 380.0 1770.0 5740.0 14280.0 24460.0 32140.0 30090.0 20400.0 10190.0 3730.0 1010.0 190.0 50.0 40.0 30.0 20.0 30.0 10.0 30.0 40.0 50.0 240.0 1070.0 3410.0 8230.0 14790.0 19100.0 17740.0 12380.0 6040.0 2210.0 570.0 100.0 40.0 20.0 30.0 20.0 20.0 20.0 40.0 20.0 50.0 110.0 460.0 1500.0 3690.0 6270.0 8150.0 7800.0 5340.0 2670.0 950.0 290.0 80.0 30.0 20.0 40.0 30.0 30.0 30.0 30.0 20.0 40.0 50.0 160.0 550.0 1130.0 1960.0 2640.0 2520.0 1710.0 870.0 310.0 100.0 40.0 30.0 30.0 20.0 20.0 20.0 40.0 30.0 40.0 30.0 40.0 80.0 120.0 320.0 510.0 550.0 560.0 390.0 210.0 110.0 50.0 50.0 40.0 30.0 40.0 30.0 30.0 40.0 30.0 20.0 40.0 20.0 30.0 40.0 90.0 110.0 130.0 100.0 100.0 60.0 40.0 20.0 20.0 30.0 30.0 40.0 30.0 20.0 30.0 40.0 30.0 40.0 30.0 30.0 30.0 50.0 40.0 50.0 30.0 30.0 30.0 30.0 20.0 40.0 20.0 30.0 30.0 40.0 30.0 30.0 30.0 30.0 40.0 30.0 10.0 30.0 30.0 50.0 40.0 30.0 30.0 30.0 30.0 30.0 40.0 30.0 10.0 30.0 20.0 30.0 30.0 40.0 40.0 30.0 50.0 30.0 30.0 30.0 30.0 20.0 30.0 20.0 40.0 30.0 30.0 40.0 30.0 50.0 30.0 40.0 30.0 40.0 40.0 30.0 30.0 30.0 40.0 30.0 30.0 20.0 30.0 40.0 10.0 30.0 30.0 20.0 20.0 30.0 30.0 30.0 40.0
24,21,21,1.75,25.0,9,10.45,9.775,10.45,9.775,10.446751118673978,9.775987899413877,793350.0,30.0,10.446751118673978,9.775987899413877,793350.0,30.0,30.0 20.0 30.0 30.0 40.0 20.0 30.0 20.0 30.0 50.0 30.0 30.0 30.0 20.0 30.0 50.0 30.0 30.0 50.0 40.0 20.0 30.0 20.0 20.0 30.0 20.0 50.0 30.0 30.0 20.0 30.0 30.0 30.0 30.0 20.0 30.0 30.0 20.0 30.0 30.0 20.0 30.0 30.0 20.0 20.0 30.0 30.0 30.0 40.0 30.0 20.0 40.0 20.0 50.0 40.0 40.0 20.0 30.0 10.0 40.0 20.0 30.0 40.0 40.0 40.0 30.0 40.0 40.0 30.0 20.0 30.0 50.0 50.0 70.0 70.0 70.0 40.0 20.0 40.0 30.0 40.0 30.0 40.0 20.0 40.0 40.0 30.0 30.0 30.0 30.0 50.0 70.0 110.0 160.0 210.0 220.0 160.0 120.0 50.0 40.0 30.0 20.0 40.0 30.0 30.0 30.0 20.0 30.0 50.0 30.0 40.0 80.0 190.0 420.0 790.0 1040.0 1070.0 760.0 400.0 170.0 80.0 30.0 30.0 30.0 30.0 20.0 40.0 30.0 20.0 20.0 30.0 60.0 200.0 650.0 1610.0 2890.0 4020.0 4010.0 2910.0 1470.0 600.0 150.0 70.0 30.0 20.0 50.0 30.0 30.0 30.0 40.0 40.0 40.0 140.0 530.0 1760.0 4440.0 8440.0 11480.0 11400.0 7970.0 4290.0 1580.0 490.0 110.0 60.0 30.0 40.0 30.0 30.0 40.0 30.0 40.0 50.0 260.0 1020.0 3620.0 9520.0 17450.0 23780.0 23310.0 16560.0 8650.0 3170.0 1000.0 220.0 60.0 30.0 30.0 10.0 30.0 20.0 20.0 40.0 70.0 340.0 1630.0 5590.0 14330.0 26470.0 35390.0 34620.0 24980.0 12960.0 5060.0 1410.0 310.0 70.0 20.0 40.0 40.0 20.0 20.0 30.0 40.0 80.0 370.0 1770.0 5980.0 15290.0 28250.0 38790.0 37770.0 27050.0 14230.0 5200.0 1540.0 270.0 80.0 40.0 40.0 30.0 30.0 30.0 30.0 30.0 70.0 290.0 1380.0 4860.0 12230.0 22690.0 30800.0 30220.0 21400.0 11280.0 4330.0 1190.0 260.0 60.0 40.0 40.0 30.0 30.0 20.0 20.0 20.0 60.0 180.0 790.0 2790.0 7130.0 12950.0 17700.0 17380.0 12340.0 6430.0 2510.0 690.0 140.0 50.0 40.0 40.0 40.0 30.0 20.0 40.0 30.0 50.0 100.0 360.0 1180.0 3020.0 5540.0 7580.0 7500.0 5230.0 2700.0 1120.0 300.0 90.0 40.0 20.0 20.0 50.0 40.0 30.0 20.0 20.0 40.0 60.0 130.0 400.0 930.0 1730.0 2420.0 2260.0 1630.0 910.0 340.0 120.0 60.0 20.0 30.0 20.0 40.0 30.0 30.0 40.0 40.0 40.0 50.0 40.0 100.0 220.0 480.0 530.0 540.0 390.0 210.0 90.0 50.0 40.0 40.0 20.0 30.0 20.0 30.0 40.0 30.0 20.0 30.0 40.0 30.0 30.0 50.0 110.0 130.0 110.0 70.0 50.0 40.0 30.0 20.0 30.0 30.0 30.0 30.0 20.0 30.0 30.0 30.0 30.0 40.0 30.0 30.0 40.0 40.0 30.0 40.0 30.0 30.0 30.0 20.0 20.0 10.0 20.0 40.0 30.0 30.0 50.0 30.0 30.0 30.0 30.0 20.0 20.0 20.0 40.0 20.0 30.0 30.0 40.0 20.0 30.0 30.0 30.0 40.0 30.0 40.0 40.0 50.0 20.0 20.0 40.0 30.0 20.0 30.0 20.0 30.0 30.0 30.0 30.0 30.0 30.0 30.0 30.0 10.0 40.0 30.0 30.0 30.0 20.0 40.0 30.0 40.0 30.0 30.0 30.0 10.0 30.0 40.0 30.0 20.0 30.0 30.0 30.0 30.0 30.0 30.0 20.0 30.0
25,21,21,1.75,25.0,9,10.6,9.7,10.6,9.7,10.603330771847167,9.700003779241884,793810.0,30.0,10.60246622843235,9.699774094462914,793263.1816523996,30.297625309279216,30.0 20.0 30.0 30.0 30.0 20.0 30.0 50.0 30.0 30.0 30.0 30.0 40.0 20.0 40.0 30.0 30.0 30.0 20.0 40.0 20.0 40.0 30.0 30.0 30.0 10.0 30.0 30.0 20.0 30.0 30.0 30.0 20.0 30.0 40.0 40.0 30.0 50.0 30.0 40.0 40.0 30.0 20.0 20.0 30.0 40.0 30.0 20.0 20.0 20.0 20.0 30.0 30.0 40.0 30.0 30.0 30.0 20.0 40.0 20.0 40.0 10.0 40.0 30.0 30.0 20.0 30.0 30.0 30.0 40.0 30.0 50.0 40.0 60.0 60.0 40.0 40.0 40.0 30.0 30.0 20.0 30.0 50.0 40.0 30.0 20.0 30.0 20.0 30.0 40.0 40.0 70.0 100.0 190.0 250.0 270.0 200.0 120.0 70.0 40.0 30.0 50.0 40.0 30.0 50.0 30.0 40.0 40.0 40.0 40.0 50.0 80.0 180.0 460.0 810.0 1160.0 1230.0 850.0 500.0 210.0 80.0 40.0 30.0 30.0 30.0 20.0 20.0 40.0 30.0 40.0 40.0 50.0 160.0 630.0 1560.0 3010.0 4360.0 4530.0 3520.0 1880.0 780.0 200.0 80.0 40.0 40.0 30.0 40.0 20.0 40.0 30.0 20.0 30.0 110.0 430.0 1640.0 4260.0 8350.0 11950.0 12280.0 9320.0 5200.0 2060.0 620.0 150.0 50.0 20.0 40.0 30.0 40.0 30.0 30.0 40.0 40.0 200.0 850.0 3150.0 8720.0 17190.0 23690.0 24440.0 18560.0 10270.0 4060.0 1170.0 290.0 70.0 30.0 40.0 30.0 30.0 40.0 30.0 40.0 70.0 280.0 1320.0 4830.0 12710.0 24660.0 34970.0 36480.0 27290.0 14960.0 5870.0 1690.0 420.0 100.0 40.0 40.0 30.0 20.0 40.0 40.0 20.0 70.0 290.0 1410.0 5090.0 13520.0 26330.0 37110.0 38480.0 29180.0 16120.0 6390.0 1960.0 410.0 60.0 30.0 30.0 20.0 30.0 30.0 30.0 30.0 80.0 240.0 1120.0 4090.0 10400.0 20400.0 29230.0 29910.0 22410.0 12230.0 4910.0 1450.0 350.0 80.0 30.0 30.0 20.0 40.0 40.0 20.0 30.0 50.0 140.0 640.0 2270.0 5830.0 11740.0 16320.0 16850.0 12710.0 6910.0 2740.0 820.0 200.0 50.0 20.0 20.0 30.0 30.0 40.0 30.0 40.0 40.0 90.0 270.0 950.0 2450.0 4840.0 6700.0 6930.0 5340.0 2790.0 1170.0 370.0 100.0 40.0 30.0 30.0 30.0 20.0 30.0 30.0 40.0 30.0 50.0 100.0 290.0 740.0 1430.0 2040.0 2080.0 1600.0 860.0 360.0 130.0 50.0 30.0 30.0 30.0 50.0 20.0 20.0 20.0 30.0 30.0 30.0 60.0 90.0 180.0 340.0 450.0 490.0 420.0 190.0 110.0 30.0 40.0 30.0 30.0 30.0 40.0 50.0 20.0 30.0 20.0 40.0 30.0 40.0 30.0 50.0 90.0 110.0 90.0 100.0 50.0 40.0 10.0 40.0 40.0 30.0 30.0 40.0 30.0 30.0 30.0 20.0 50.0 40.0 40.0 20.0 30.0 20.0 30.0 40.0 50.0 40.0 40.0 30.0 40.0 20.0 30.0 30.0 30.0 30.0 40.0 30.0 40.0 40.0 30.0 20.0 40.0 30.0 30.0 30.0 30.0 30.0 30.0 30.0 30.0 50.0 20.0 20.0 20.0 20.0 30.0 20.0 40.0 30.0 10.0 30.0 30.0 40.0 20.0 40.0 40.0 20.0 30.0 30.0 40.0 30.0 30.0 20.0 20.0 30.0 20.0 30.0 30.0 30.0 30.0 40.0 20.0 40.0 30.0 40.0 40.0 30.0 30.0 30.0 30.0 30.0 30.0 30.0 30.0 30.0 30.0 40.0
26,21,21,1.75,25.0,9,10.75,9.625,10.75,9.625,10.750927351182215,9.625072547881603,792580.0,30.0,10.750927351182215,9.625072547881603,792580.0,30.0,20.0 30.0 20.0 40.0 20.0 30.0 30.0 20.0 10.0 40.0 40.0 20.0 20.0 30.0 30.0 40.0 20.0 40.0 30.0 40.0 30.0 30.0 30.0 20.0 30.0 30.0 20.0 50.0 10.0 40.0 30.0 20.0 20.0 40.0 20.0 30.0 40.0 10.0 20.0 30.0 20.0 30.0 30.0 20.0 30.0 30.0 40.0 30.0 30.0 20.0 40.0 30.0 40.0 20.0 40.0 30.0 20.0 20.0 40.0 30.0 40.0 40.0 30.0 40.0 30.0 40.0 30.0 30.0 30.0 40.0 40.0 30.0 60.0 60.0 60.0 50.0 50.0 20.0 40.0 20.0 20.0 10.0 40.0 40.0 30.0 20.0 40.0 20.0 30.0 30.0 50.0 50.0 110.0 160.0 300.0 280.0 260.0 140.0 70.0 50.0 20.0 40.0 30.0 30.0 40.0 30.0 40.0 30.0 20.0 30.0 30.0 40.0 180.0 430.0 840.0 1240.0 1370.0 1070.0 660.0 300.0 100.0 50.0 30.0 30.0 50.0 30.0 50.0 30.0 30.0 40.0 30.0 60.0 160.0 590.0 1570.0 2980.0 4540.0 4880.0 3950.0 2280.0 1040.0 300.0 110.0 30.0 30.0 30.0 30.0 40.0 40.0 40.0 40.0 50.0 90.0 410.0 1430.0 4110.0 8060.0 12410.0 13170.0 10440.0 5860.0 2460.0 830.0 180.0 50.0 40.0 30.0 30.0 30.0 30.0 30.0 30.0 60.0 160.0 740.0 2910.0 7930.0 16230.0 24160.0 26170.0 20710.0 11720.0 4960.0 1520.0 360.0 70.0 40.0 20.0 60.0 30.0 30.0 40.0 30.0 70.0 230.0 1050.0 3960.0 11390.0 23220.0 34850.0 37350.0 29490.0 16930.0 6940.0 2210.0 470.0 110.0 40.0 20.0 30.0 40.0 30.0 30.0 40.0 50.0 240.0 1100.0 4260.0 11680.0 24120.0 35920.0 38700.0 30470.0 17670.0 7320.0 2270.0 530.0 100.0 30.0 30.0 40.0 30.0 30.0 30.0 30.0 40.0 190.0 820.0 3160.0 9100.0 18280.0 27230.0 29400.0 23350.0 13270.0 5610.0 1730.0 390.0 90.0 30.0 30.0 30.0 30.0 30.0 30.0 20.0 30.0 90.0 480.0 1790.0 5030.0 10140.0 14750.0 16320.0 12800.0 7090.0 3050.0 960.0 240.0 80.0 40.0 30.0 10.0 20.0 20.0 30.0 30.0 50.0 70.0 210.0 730.0 2020.0 4010.0 5960.0 6570.0 5160.0 3040.0 1310.0 380.0 110.0 30.0 30.0 40.0 40.0 30.0 20.0 30.0 30.0 40.0 40.0 70.0 220.0 570.0 1190.0 1800.0 1900.0 1450.0 900.0 440.0 140.0 40.0 40.0 30.0 30.0 10.0 30.0 40.0 30.0 30.0 30.0 20.0 20.0 70.0 150.0 280.0 420.0 420.0 340.0 210.0 100.0 60.0 30.0 30.0 30.0 30.0 30.0 30.0 30.0 30.0 30.0 40.0 30.0 20.0 40.0 50.0 60.0 120.0 80.0 80.0 60.0 40.0 40.0 30.0 30.0 40.0 30.0 20.0 50.0 40.0 30.0 40.0 40.0 20.0 20.0 30.0 30.0 30.0 20.0 30.0 40.0 50.0 20.0 30.0 30.0 30.0 30.0 30.0 20.0 50.0 30.0 20.0 30.0 30.0 10.0 40.0 30.0 30.0 30.0 40.0 30.0 30.0 50.0 30.0 40.0 30.0 30.0 30.0 30.0 20.0 40.0 40.0 30.0 40.0 30.0 30.0 30.0 20.0 50.0 20.0 40.0 30.0 40.0 10.0 20.0 20.0 30.0 40.0 20.0 20.0 30.0 30.0 20.0 30.0 40.0 30.0 40.0 40.0 40.0 30.0 40.0 30.0 30.0 20.0 30.0 40.0 30.0 40.0 20.0 40.0 40.0 20.0
27,21,21,1.75,25.0,9,10.9,9.55,10.9,9.55,10.90032844871147,9.552488630621527,791600.0,30.0,10.89981730108973,9.550347918355602,791348.7506256233,29.25710240268324,20.0 40.0 30.0 40.0 30.0 30.0 40.0 30.0 30.0 40.0 40.0 20.0 20.0 20.0 40.0 20.0 10.0 30.0 20.0 40.0 20.0 30.0 20.0 20.0 30.0 30.0 20.0 30.0 30.0 30.0 20.0 20.0 20.0 30.0 20.0 30.0 20.0 30.0 30.0 20.0 30.0 30.0 20.0 30.0 20.0 20.0 20.0 30.0 20.0 20.0 40.0 20.0 40.0 20.0 30.0 30.0 40.0 30.0 20.0 30.0 20.0 30.0 30.0 30.0 30.0 30.0 30.0 30.0 30.0 30.0 30.0 50.0 60.0 50.0 80.0 60.0 70.0 40.0 30.0 30.0 40.0 30.0 40.0 30.0 30.0 30.0 40.0 30.0 30.0 20.0 30.0 50.0 90.0 200.0 330.0 310.0 260.0 190.0 110.0 50.0 30.0 40.0 20.0 30.0 20.0 10.0 40.0 20.0 20.0 30.0 40.0 50.0 170.0 400.0 910.0 1360.0 1500.0 1250.0 800.0 340.0 140.0 50.0 20.0 30.0 30.0 40.0 40.0 30.0 30.0 20.0 30.0 50.0 180.0 480.0 1420.0 2940.0 4870.0 5490.0 4540.0 2750.0 1200.0 370.0 120.0 50.0 20.0 30.0 40.0 30.0 30.0 30.0 30.0 40.0 80.0 350.0 1260.0 3850.0 8160.0 12300.0 14350.0 11750.0 6980.0 3030.0 930.0 270.0 70.0 30.0 30.0 40.0 20.0 20.0 20.0 30.0 40.0 140.0 570.0 2440.0 7260.0 15560.0 23890.0 27420.0 22300.0 13670.0 5930.0 1860.0 430.0 100.0 20.0 30.0 30.0 40.0 30.0 30.0 30.0 60.0 190.0 850.0 3400.0 10070.0 21520.0 33550.0 38370.0 31910.0 18910.0 8340.0 2700.0 650.0 130.0 50.0 40.0 30.0 40.0 20.0 20.0 30.0 60.0 190.0 920.0 3480.0 10230.0 21820.0 34050.0 38790.0 32010.0 19120.0 8490.0 2780.0 690.0 140.0 40.0 30.0 20.0 20.0 40.0 40.0 20.0 50.0 150.0 700.0 2550.0 7450.0 15950.0 25440.0 28650.0 23590.0 14320.0 6170.0 2070.0 500.0 80.0 40.0 40.0 30.0 40.0 20.0 30.0 30.0 50.0 90.0 390.0 1350.0 4200.0 8800.0 13580.0 15470.0 12650.0 7730.0 3310.0 1060.0 290.0 80.0 30.0 30.0 30.0 40.0 30.0 30.0 30.0 20.0 50.0 160.0 540.0 1610.0 3470.0 5390.0 6000.0 4970.0 3020.0 1350.0 470.0 130.0 40.0 20.0 40.0 30.0 30.0 30.0 40.0 40.0 30.0 30.0 70.0 180.0 460.0 980.0 1490.0 1820.0 1430.0 880.0 410.0 130.0 60.0 30.0 30.0 30.0 40.0 40.0 30.0 40.0 20.0 40.0 30.0 40.0 60.0 120.0 230.0 360.0 390.0 340.0 180.0 120.0 50.0 30.0 30.0 40.0 30.0 20.0 30.0 30.0 30.0 40.0 30.0 30.0 30.0 30.0 50.0 60.0 90.0 60.0 90.0 60.0 50.0 20.0 50.0 30.0 30.0 40.0 40.0 40.0 30.0 40.0 30.0 30.0 20.0 20.0 40.0 40.0 30.0 40.0 30.0 20.0 20.0 30.0 40.0 40.0 30.0 40.0 10.0 30.0 40.0 20.0 40.0 40.0 30.0 30.0 30.0 20.0 30.0 40.0 20.0 30.0 30.0 30.0 40.0 30.0 30.0 40.0 30.0 20.0 20.0 40.0 40.0 30.0 20.0 40.0 30.0 10.0 20.0 40.0 20.0 30.0 30.0 30.0 40.0 30.0 30.0 40.0 50.0 40.0 20.0 20.0 30.0 30.0 30.0 20.0 30.0 40.0 30.0 30.0 50.0 30.0 30.0 20.0 40.0 20.0 20.0 40.0 30.0 40.0 50.0 30.0 30.0
